segment,file,energy_eV,energy_round_2,io_nA,time_s,channel,label_mz,observed_mz,old_sum_counts,shifted_sum_counts,corrected_area_counts,local_baseline_counts_per_bin,area_snr,ui_old_intensity_counts_per_nA,corrected_intensity_counts_per_nA,corrected_rate_counts_per_nA_s,half_width_bins
PIE-2,C25032408-0000.txt,6.999828752256,7.0,174.35496,90.0,99,99.0,98.99443087259999,0.0,0.0,0.0,0.0,0.0,0.0,0.0,0.0,10
PIE-2,C25032408-0000.txt,6.999828752256,7.0,174.35496,90.0,101,101.02,101.000480789232,0.0,0.0,0.0,0.0,0.0,0.0,0.0,0.0,10
PIE-2,C25032408-0000.txt,6.999828752256,7.0,174.35496,90.0,127,127.05,127.022820949512,1.0,0.0,0.0,0.0,0.0,0.005735426167400113,0.0,0.0,10
PIE-2,C25032408-0000.txt,6.999828752256,7.0,174.35496,90.0,128,128.0,128.018987555847,0.0,0.0,0.0,0.0,0.0,0.0,0.0,0.0,10
PIE-2,C25032408-0000.txt,6.999828752256,7.0,174.35496,90.0,129,129.0,129.046496976672,0.0,0.0,0.0,0.0,0.0,0.0,0.0,0.0,10
PIE-2,C25032408-0000.txt,6.999828752256,7.0,174.35496,90.0,130,130.0,129.981653971128,0.0,0.0,0.0,0.0,0.0,0.0,0.0,0.0,10
PIE-2,C25032408-0000.txt,6.999828752256,7.0,174.35496,90.0,142,142.06,142.042259165928,1.0,1.0,0.0,0.0,0.0,0.005735426167400113,0.0,0.0,10
PIE-2,C25032408-0000.txt,6.999828752256,7.0,174.35496,90.0,144,144.02,144.036665463552,0.0,0.0,0.0,0.0,0.0,0.0,0.0,0.0,10
PIE-2,C25032408-0000.txt,6.999828752256,7.0,174.35496,90.0,146,146.02,146.001164118567,0.0,1.0,0.0,0.0,0.0,0.0,0.0,0.0,10
PIE-2,C25032408-0000.txt,6.999828752256,7.0,174.35496,90.0,148,148.01,147.94956619135198,1.0,0.0,0.0,0.0,0.0,0.005735426167400113,0.0,0.0,10
PIE-2,C25032408-0001.txt,7.04988730428,7.05,173.671785,90.0,99,99.0,98.99443087259999,0.0,0.0,0.0,0.0,0.0,0.0,0.0,0.0,10
PIE-2,C25032408-0001.txt,7.04988730428,7.05,173.671785,90.0,101,101.02,101.000480789232,0.0,0.0,0.0,0.0,0.0,0.0,0.0,0.0,10
PIE-2,C25032408-0001.txt,7.04988730428,7.05,173.671785,90.0,127,127.05,127.022820949512,0.0,0.0,0.0,0.0,0.0,0.0,0.0,0.0,10
PIE-2,C25032408-0001.txt,7.04988730428,7.05,173.671785,90.0,128,128.0,128.018987555847,0.0,0.0,0.0,0.0,0.0,0.0,0.0,0.0,10
PIE-2,C25032408-0001.txt,7.04988730428,7.05,173.671785,90.0,129,129.0,129.046496976672,0.0,0.0,0.0,0.0,0.0,0.0,0.0,0.0,10
PIE-2,C25032408-0001.txt,7.04988730428,7.05,173.671785,90.0,130,130.0,129.981653971128,0.0,0.0,0.0,0.0,0.0,0.0,0.0,0.0,10
PIE-2,C25032408-0001.txt,7.04988730428,7.05,173.671785,90.0,142,142.06,142.042259165928,0.0,0.0,0.0,0.0,0.0,0.0,0.0,0.0,10
PIE-2,C25032408-0001.txt,7.04988730428,7.05,173.671785,90.0,144,144.02,144.036665463552,0.0,1.0,1.0,0.0,1.0,0.0,0.005757987689249581,6.397764099166201e-05,10
PIE-2,C25032408-0001.txt,7.04988730428,7.05,173.671785,90.0,146,146.02,146.001164118567,1.0,0.0,0.0,0.0,0.0,0.005757987689249581,0.0,0.0,10
PIE-2,C25032408-0001.txt,7.04988730428,7.05,173.671785,90.0,148,148.01,147.94956619135198,0.0,0.0,0.0,0.0,0.0,0.0,0.0,0.0,10
PIE-2,C25032408-0002.txt,7.099795745079,7.1,174.883215,90.0,99,99.0,98.99443087259999,0.0,0.0,0.0,0.0,0.0,0.0,0.0,0.0,10
PIE-2,C25032408-0002.txt,7.099795745079,7.1,174.883215,90.0,101,101.02,101.000480789232,0.0,0.0,0.0,0.0,0.0,0.0,0.0,0.0,10
PIE-2,C25032408-0002.txt,7.099795745079,7.1,174.883215,90.0,127,127.05,127.022820949512,0.0,0.0,0.0,0.0,0.0,0.0,0.0,0.0,10
PIE-2,C25032408-0002.txt,7.099795745079,7.1,174.883215,90.0,128,128.0,128.018987555847,0.0,0.0,0.0,0.0,0.0,0.0,0.0,0.0,10
PIE-2,C25032408-0002.txt,7.099795745079,7.1,174.883215,90.0,129,129.0,129.046496976672,0.0,3.0,3.0,0.0,1.7320508075688774,0.0,0.017154304945731925,0.00019060338828591028,10
PIE-2,C25032408-0002.txt,7.099795745079,7.1,174.883215,90.0,130,130.0,129.981653971128,0.0,0.0,0.0,0.0,0.0,0.0,0.0,0.0,10
PIE-2,C25032408-0002.txt,7.099795745079,7.1,174.883215,90.0,142,142.06,142.042259165928,0.0,0.0,0.0,0.0,0.0,0.0,0.0,0.0,10
PIE-2,C25032408-0002.txt,7.099795745079,7.1,174.883215,90.0,144,144.02,144.036665463552,0.0,0.0,0.0,0.0,0.0,0.0,0.0,0.0,10
PIE-2,C25032408-0002.txt,7.099795745079,7.1,174.883215,90.0,146,146.02,146.001164118567,1.0,0.0,0.0,0.0,0.0,0.005718101648577309,0.0,0.0,10
PIE-2,C25032408-0002.txt,7.099795745079,7.1,174.883215,90.0,148,148.01,147.94956619135198,0.0,1.0,0.0,0.0,0.0,0.0,0.0,0.0,10
PIE-2,C25032408-0003.txt,7.149889707175,7.15,172.455035,90.0,99,99.0,98.99443087259999,0.0,0.0,0.0,0.0,0.0,0.0,0.0,0.0,10
PIE-2,C25032408-0003.txt,7.149889707175,7.15,172.455035,90.0,101,101.02,101.000480789232,0.0,0.0,0.0,0.0,0.0,0.0,0.0,0.0,10
PIE-2,C25032408-0003.txt,7.149889707175,7.15,172.455035,90.0,127,127.05,127.022820949512,0.0,1.0,1.0,0.0,1.0,0.0,0.0057986129543854716,6.442903282650524e-05,10
PIE-2,C25032408-0003.txt,7.149889707175,7.15,172.455035,90.0,128,128.0,128.018987555847,0.0,1.0,1.0,0.0,1.0,0.0,0.0057986129543854716,6.442903282650524e-05,10
PIE-2,C25032408-0003.txt,7.149889707175,7.15,172.455035,90.0,129,129.0,129.046496976672,0.0,0.0,0.0,0.0,0.0,0.0,0.0,0.0,10
PIE-2,C25032408-0003.txt,7.149889707175,7.15,172.455035,90.0,130,130.0,129.981653971128,0.0,0.0,0.0,0.0,0.0,0.0,0.0,0.0,10
PIE-2,C25032408-0003.txt,7.149889707175,7.15,172.455035,90.0,142,142.06,142.042259165928,1.0,0.0,0.0,0.0,0.0,0.0057986129543854716,0.0,0.0,10
PIE-2,C25032408-0003.txt,7.149889707175,7.15,172.455035,90.0,144,144.02,144.036665463552,1.0,0.0,0.0,0.0,0.0,0.0057986129543854716,0.0,0.0,10
PIE-2,C25032408-0003.txt,7.149889707175,7.15,172.455035,90.0,146,146.02,146.001164118567,0.0,0.0,0.0,0.0,0.0,0.0,0.0,0.0,10
PIE-2,C25032408-0003.txt,7.149889707175,7.15,172.455035,90.0,148,148.01,147.94956619135198,0.0,0.0,0.0,0.0,0.0,0.0,0.0,0.0,10
PIE-2,C25032408-0004.txt,7.19991034869,7.2,169.802088,90.0,99,99.0,98.99443087259999,0.0,0.0,0.0,0.0,0.0,0.0,0.0,0.0,10
PIE-2,C25032408-0004.txt,7.19991034869,7.2,169.802088,90.0,101,101.02,101.000480789232,0.0,0.0,0.0,0.0,0.0,0.0,0.0,0.0,10
PIE-2,C25032408-0004.txt,7.19991034869,7.2,169.802088,90.0,127,127.05,127.022820949512,0.0,0.0,0.0,0.0,0.0,0.0,0.0,0.0,10
PIE-2,C25032408-0004.txt,7.19991034869,7.2,169.802088,90.0,128,128.0,128.018987555847,0.0,0.0,0.0,0.0,0.0,0.0,0.0,0.0,10
PIE-2,C25032408-0004.txt,7.19991034869,7.2,169.802088,90.0,129,129.0,129.046496976672,0.0,0.0,0.0,0.0,0.0,0.0,0.0,0.0,10
PIE-2,C25032408-0004.txt,7.19991034869,7.2,169.802088,90.0,130,130.0,129.981653971128,0.0,1.0,1.0,0.0,1.0,0.0,0.005889209089113203,6.543565654570226e-05,10
PIE-2,C25032408-0004.txt,7.19991034869,7.2,169.802088,90.0,142,142.06,142.042259165928,0.0,0.0,0.0,0.0,0.0,0.0,0.0,0.0,10
PIE-2,C25032408-0004.txt,7.19991034869,7.2,169.802088,90.0,144,144.02,144.036665463552,0.0,1.0,0.0,0.0,0.0,0.0,0.0,0.0,10
PIE-2,C25032408-0004.txt,7.19991034869,7.2,169.802088,90.0,146,146.02,146.001164118567,0.0,0.0,0.0,0.0,0.0,0.0,0.0,0.0,10
PIE-2,C25032408-0004.txt,7.19991034869,7.2,169.802088,90.0,148,148.01,147.94956619135198,0.0,0.0,0.0,0.0,0.0,0.0,0.0,0.0,10
PIE-2,C25032408-0005.txt,7.250064184756,7.25,166.672006,90.0,99,99.0,98.99443087259999,0.0,0.0,0.0,0.0,0.0,0.0,0.0,0.0,10
PIE-2,C25032408-0005.txt,7.250064184756,7.25,166.672006,90.0,101,101.02,101.000480789232,0.0,0.0,0.0,0.0,0.0,0.0,0.0,0.0,10
PIE-2,C25032408-0005.txt,7.250064184756,7.25,166.672006,90.0,127,127.05,127.022820949512,0.0,0.0,0.0,0.0,0.0,0.0,0.0,0.0,10
PIE-2,C25032408-0005.txt,7.250064184756,7.25,166.672006,90.0,128,128.0,128.018987555847,0.0,0.0,0.0,0.0,0.0,0.0,0.0,0.0,10
PIE-2,C25032408-0005.txt,7.250064184756,7.25,166.672006,90.0,129,129.0,129.046496976672,0.0,1.0,1.0,0.0,1.0,0.0,0.005999807790157634,6.666453100175149e-05,10
PIE-2,C25032408-0005.txt,7.250064184756,7.25,166.672006,90.0,130,130.0,129.981653971128,0.0,1.0,1.0,0.0,1.0,0.0,0.005999807790157634,6.666453100175149e-05,10
PIE-2,C25032408-0005.txt,7.250064184756,7.25,166.672006,90.0,142,142.06,142.042259165928,0.0,1.0,1.0,0.0,1.0,0.0,0.005999807790157634,6.666453100175149e-05,10
PIE-2,C25032408-0005.txt,7.250064184756,7.25,166.672006,90.0,144,144.02,144.036665463552,0.0,1.0,1.0,0.0,1.0,0.0,0.005999807790157634,6.666453100175149e-05,10
PIE-2,C25032408-0005.txt,7.250064184756,7.25,166.672006,90.0,146,146.02,146.001164118567,1.0,1.0,0.0,0.0,0.0,0.005999807790157634,0.0,0.0,10
PIE-2,C25032408-0005.txt,7.250064184756,7.25,166.672006,90.0,148,148.01,147.94956619135198,0.0,1.0,1.0,0.0,1.0,0.0,0.005999807790157634,6.666453100175149e-05,10
PIE-2,C25032408-0006.txt,7.299700501699,7.3,162.885659,90.0,99,99.0,98.99443087259999,0.0,0.0,0.0,0.0,0.0,0.0,0.0,0.0,10
PIE-2,C25032408-0006.txt,7.299700501699,7.3,162.885659,90.0,101,101.02,101.000480789232,0.0,1.0,1.0,0.0,1.0,0.0,0.006139275895369033,6.821417661521148e-05,10
PIE-2,C25032408-0006.txt,7.299700501699,7.3,162.885659,90.0,127,127.05,127.022820949512,0.0,0.0,0.0,0.0,0.0,0.0,0.0,0.0,10
PIE-2,C25032408-0006.txt,7.299700501699,7.3,162.885659,90.0,128,128.0,128.018987555847,0.0,0.0,0.0,0.0,0.0,0.0,0.0,0.0,10
PIE-2,C25032408-0006.txt,7.299700501699,7.3,162.885659,90.0,129,129.0,129.046496976672,0.0,1.0,1.0,0.0,1.0,0.0,0.006139275895369033,6.821417661521148e-05,10
PIE-2,C25032408-0006.txt,7.299700501699,7.3,162.885659,90.0,130,130.0,129.981653971128,0.0,2.0,2.0,0.0,1.414213562373095,0.0,0.012278551790738066,0.00013642835323042295,10
PIE-2,C25032408-0006.txt,7.299700501699,7.3,162.885659,90.0,142,142.06,142.042259165928,0.0,1.0,1.0,0.0,1.0,0.0,0.006139275895369033,6.821417661521148e-05,10
PIE-2,C25032408-0006.txt,7.299700501699,7.3,162.885659,90.0,144,144.02,144.036665463552,0.0,0.0,0.0,0.0,0.0,0.0,0.0,0.0,10
PIE-2,C25032408-0006.txt,7.299700501699,7.3,162.885659,90.0,146,146.02,146.001164118567,2.0,0.0,0.0,0.0,0.0,0.012278551790738066,0.0,0.0,10
PIE-2,C25032408-0006.txt,7.299700501699,7.3,162.885659,90.0,148,148.01,147.94956619135198,0.0,0.0,0.0,0.0,0.0,0.0,0.0,0.0,10
PIE-2,C25032408-0007.txt,7.349832338566,7.35,160.285639,90.0,99,99.0,98.99443087259999,0.0,0.0,0.0,0.0,0.0,0.0,0.0,0.0,10
PIE-2,C25032408-0007.txt,7.349832338566,7.35,160.285639,90.0,101,101.02,101.000480789232,1.0,0.0,0.0,0.0,0.0,0.0062388621104102785,0.0,0.0,10
PIE-2,C25032408-0007.txt,7.349832338566,7.35,160.285639,90.0,127,127.05,127.022820949512,0.0,0.0,0.0,0.0,0.0,0.0,0.0,0.0,10
PIE-2,C25032408-0007.txt,7.349832338566,7.35,160.285639,90.0,128,128.0,128.018987555847,0.0,4.0,4.0,0.0,2.0,0.0,0.024955448441641114,0.00027728276046267905,10
PIE-2,C25032408-0007.txt,7.349832338566,7.35,160.285639,90.0,129,129.0,129.046496976672,0.0,3.0,3.0,0.0,1.7320508075688774,0.0,0.018716586331230835,0.00020796207034700926,10
PIE-2,C25032408-0007.txt,7.349832338566,7.35,160.285639,90.0,130,130.0,129.981653971128,0.0,7.0,7.0,0.0,2.6457513110645903,0.0,0.043672034772871945,0.00048524483080968826,10
PIE-2,C25032408-0007.txt,7.349832338566,7.35,160.285639,90.0,142,142.06,142.042259165928,0.0,0.0,0.0,0.0,0.0,0.0,0.0,0.0,10
PIE-2,C25032408-0007.txt,7.349832338566,7.35,160.285639,90.0,144,144.02,144.036665463552,0.0,1.0,1.0,0.0,1.0,0.0,0.0062388621104102785,6.932069011566976e-05,10
PIE-2,C25032408-0007.txt,7.349832338566,7.35,160.285639,90.0,146,146.02,146.001164118567,2.0,0.0,0.0,0.0,0.0,0.012477724220820557,0.0,0.0,10
PIE-2,C25032408-0007.txt,7.349832338566,7.35,160.285639,90.0,148,148.01,147.94956619135198,0.0,0.0,0.0,0.0,0.0,0.0,0.0,0.0,10
PIE-2,C25032408-0008.txt,7.400008822483,7.4,159.120037,90.0,99,99.0,98.99443087259999,0.0,0.0,0.0,0.0,0.0,0.0,0.0,0.0,10
PIE-2,C25032408-0008.txt,7.400008822483,7.4,159.120037,90.0,101,101.02,101.000480789232,0.0,0.0,0.0,0.0,0.0,0.0,0.0,0.0,10
PIE-2,C25032408-0008.txt,7.400008822483,7.4,159.120037,90.0,127,127.05,127.022820949512,0.0,0.0,0.0,0.0,0.0,0.0,0.0,0.0,10
PIE-2,C25032408-0008.txt,7.400008822483,7.4,159.120037,90.0,128,128.0,128.018987555847,0.0,8.0,8.0,0.0,2.82842712474619,0.0,0.050276509174014335,0.0005586278797112704,10
PIE-2,C25032408-0008.txt,7.400008822483,7.4,159.120037,90.0,129,129.0,129.046496976672,0.0,3.0,3.0,0.0,1.7320508075688774,0.0,0.018853690940255376,0.0002094854548917264,10
PIE-2,C25032408-0008.txt,7.400008822483,7.4,159.120037,90.0,130,130.0,129.981653971128,0.0,9.0,11.0,0.0,3.3166247903554,0.0,0.06913020011426971,0.0007681133346029967,10
PIE-2,C25032408-0008.txt,7.400008822483,7.4,159.120037,90.0,142,142.06,142.042259165928,1.0,1.0,1.0,0.0,1.0,0.006284563646751792,0.006284563646751792,6.98284849639088e-05,10
PIE-2,C25032408-0008.txt,7.400008822483,7.4,159.120037,90.0,144,144.02,144.036665463552,1.0,4.0,4.0,0.0,2.0,0.006284563646751792,0.025138254587007167,0.0002793139398556352,10
PIE-2,C25032408-0008.txt,7.400008822483,7.4,159.120037,90.0,146,146.02,146.001164118567,0.0,1.0,1.0,0.0,1.0,0.0,0.006284563646751792,6.98284849639088e-05,10
PIE-2,C25032408-0008.txt,7.400008822483,7.4,159.120037,90.0,148,148.01,147.94956619135198,0.0,0.0,0.0,0.0,0.0,0.0,0.0,0.0,10
PIE-2,C25032408-0009.txt,7.449689499187,7.45,155.682774,90.0,99,99.0,98.99443087259999,0.0,0.0,0.0,0.0,0.0,0.0,0.0,0.0,10
PIE-2,C25032408-0009.txt,7.449689499187,7.45,155.682774,90.0,101,101.02,101.000480789232,1.0,0.0,0.0,0.0,0.0,0.00642331822787279,0.0,0.0,10
PIE-2,C25032408-0009.txt,7.449689499187,7.45,155.682774,90.0,127,127.05,127.022820949512,0.0,1.0,1.0,0.0,1.0,0.0,0.00642331822787279,7.13702025319199e-05,10
PIE-2,C25032408-0009.txt,7.449689499187,7.45,155.682774,90.0,128,128.0,128.018987555847,0.0,46.0,47.0,0.0,6.855654600401044,0.0,0.3018959567100211,0.003354399519000235,10
PIE-2,C25032408-0009.txt,7.449689499187,7.45,155.682774,90.0,129,129.0,129.046496976672,1.0,14.0,14.0,0.0,3.7416573867739413,0.00642331822787279,0.08992645519021905,0.0009991828354468783,10
PIE-2,C25032408-0009.txt,7.449689499187,7.45,155.682774,90.0,130,130.0,129.981653971128,0.0,10.0,14.0,0.0,3.7416573867739413,0.0,0.08992645519021905,0.0009991828354468783,10
PIE-2,C25032408-0009.txt,7.449689499187,7.45,155.682774,90.0,142,142.06,142.042259165928,0.0,5.0,5.0,0.0,2.23606797749979,0.0,0.03211659113936395,0.00035685101265959943,10
PIE-2,C25032408-0009.txt,7.449689499187,7.45,155.682774,90.0,144,144.02,144.036665463552,0.0,4.0,4.0,0.0,2.0,0.0,0.02569327291149116,0.0002854808101276796,10
PIE-2,C25032408-0009.txt,7.449689499187,7.45,155.682774,90.0,146,146.02,146.001164118567,1.0,0.0,0.0,0.0,0.0,0.00642331822787279,0.0,0.0,10
PIE-2,C25032408-0009.txt,7.449689499187,7.45,155.682774,90.0,148,148.01,147.94956619135198,0.0,0.0,0.0,0.0,0.0,0.0,0.0,0.0,10
PIE-2,C25032408-0010.txt,7.499987143229,7.5,151.251793,90.0,99,99.0,98.99443087259999,0.0,0.0,0.0,0.0,0.0,0.0,0.0,0.0,10
PIE-2,C25032408-0010.txt,7.499987143229,7.5,151.251793,90.0,101,101.02,101.000480789232,0.0,0.0,0.0,0.0,0.0,0.0,0.0,0.0,10
PIE-2,C25032408-0010.txt,7.499987143229,7.5,151.251793,90.0,127,127.05,127.022820949512,0.0,0.0,0.0,0.0,0.0,0.0,0.0,0.0,10
PIE-2,C25032408-0010.txt,7.499987143229,7.5,151.251793,90.0,128,128.0,128.018987555847,0.0,62.0,64.0,0.0,8.0,0.0,0.42313547978899,0.004701505330988778,10
PIE-2,C25032408-0010.txt,7.499987143229,7.5,151.251793,90.0,129,129.0,129.046496976672,1.0,17.0,17.0,0.0,4.123105625617661,0.006611491871702969,0.11239536181895048,0.0012488373535438943,10
PIE-2,C25032408-0010.txt,7.499987143229,7.5,151.251793,90.0,130,130.0,129.981653971128,0.0,10.0,10.0,0.0,3.162277660168379,0.0,0.0661149187170297,0.0007346102079669966,10
PIE-2,C25032408-0010.txt,7.499987143229,7.5,151.251793,90.0,142,142.06,142.042259165928,0.0,6.0,6.0,0.0,2.4494897427831783,0.0,0.03966895123021782,0.000440766124780198,10
PIE-2,C25032408-0010.txt,7.499987143229,7.5,151.251793,90.0,144,144.02,144.036665463552,1.0,5.0,5.0,0.0,2.23606797749979,0.006611491871702969,0.03305745935851485,0.0003673051039834983,10
PIE-2,C25032408-0010.txt,7.499987143229,7.5,151.251793,90.0,146,146.02,146.001164118567,1.0,0.0,0.0,0.0,0.0,0.006611491871702969,0.0,0.0,10
PIE-2,C25032408-0010.txt,7.499987143229,7.5,151.251793,90.0,148,148.01,147.94956619135198,1.0,0.0,0.0,0.0,0.0,0.006611491871702969,0.0,0.0,10
PIE-2,C25032408-0011.txt,7.549717702634,7.55,146.026598,90.0,99,99.0,98.99443087259999,0.0,1.0,1.0,0.0,1.0,0.0,0.006848067500689155,7.608963889654616e-05,10
PIE-2,C25032408-0011.txt,7.549717702634,7.55,146.026598,90.0,101,101.02,101.000480789232,0.0,0.0,0.0,0.0,0.0,0.0,0.0,0.0,10
PIE-2,C25032408-0011.txt,7.549717702634,7.55,146.026598,90.0,127,127.05,127.022820949512,0.0,0.0,0.0,0.0,0.0,0.0,0.0,0.0,10
PIE-2,C25032408-0011.txt,7.549717702634,7.55,146.026598,90.0,128,128.0,128.018987555847,0.0,77.0,79.0,0.0,8.888194417315589,0.0,0.5409973325544433,0.006011081472827148,10
PIE-2,C25032408-0011.txt,7.549717702634,7.55,146.026598,90.0,129,129.0,129.046496976672,0.0,14.0,14.0,0.0,3.7416573867739413,0.0,0.09587294500964817,0.0010652549445516464,10
PIE-2,C25032408-0011.txt,7.549717702634,7.55,146.026598,90.0,130,130.0,129.981653971128,0.0,10.0,14.0,0.0,3.7416573867739413,0.0,0.09587294500964817,0.0010652549445516464,10
PIE-2,C25032408-0011.txt,7.549717702634,7.55,146.026598,90.0,142,142.06,142.042259165928,0.0,3.0,3.0,0.0,1.7320508075688774,0.0,0.020544202502067465,0.0002282689166896385,10
PIE-2,C25032408-0011.txt,7.549717702634,7.55,146.026598,90.0,144,144.02,144.036665463552,1.0,5.0,5.0,0.0,2.23606797749979,0.006848067500689155,0.034240337503445774,0.00038044819448273084,10
PIE-2,C25032408-0011.txt,7.549717702634,7.55,146.026598,90.0,146,146.02,146.001164118567,0.0,2.0,2.0,0.0,1.414213562373095,0.0,0.01369613500137831,0.00015217927779309233,10
PIE-2,C25032408-0011.txt,7.549717702634,7.55,146.026598,90.0,148,148.01,147.94956619135198,0.0,0.0,0.0,0.0,0.0,0.0,0.0,0.0,10
PIE-2,C25032408-0012.txt,7.599798125832,7.6,140.631557,90.0,99,99.0,98.99443087259999,0.0,0.0,0.0,0.0,0.0,0.0,0.0,0.0,10
PIE-2,C25032408-0012.txt,7.599798125832,7.6,140.631557,90.0,101,101.02,101.000480789232,0.0,0.0,0.0,0.0,0.0,0.0,0.0,0.0,10
PIE-2,C25032408-0012.txt,7.599798125832,7.6,140.631557,90.0,127,127.05,127.022820949512,0.0,0.0,0.0,0.0,0.0,0.0,0.0,0.0,10
PIE-2,C25032408-0012.txt,7.599798125832,7.6,140.631557,90.0,128,128.0,128.018987555847,0.0,91.0,92.0,0.0,9.59166304662544,0.0,0.6541917188615071,0.007268796876238968,10
PIE-2,C25032408-0012.txt,7.599798125832,7.6,140.631557,90.0,129,129.0,129.046496976672,1.0,14.0,14.0,0.0,3.7416573867739413,0.007110779552842468,0.09955091373979455,0.001106121263775495,10
PIE-2,C25032408-0012.txt,7.599798125832,7.6,140.631557,90.0,130,130.0,129.981653971128,0.0,15.0,19.0,0.0,4.358898943540673,0.0,0.1351048115040069,0.0015011645722667435,10
PIE-2,C25032408-0012.txt,7.599798125832,7.6,140.631557,90.0,142,142.06,142.042259165928,0.0,15.0,15.0,0.0,3.8729833462074166,0.0,0.10666169329263703,0.0011851299254737448,10
PIE-2,C25032408-0012.txt,7.599798125832,7.6,140.631557,90.0,144,144.02,144.036665463552,0.0,4.0,3.0,0.0,1.7320508075688774,0.0,0.021332338658527406,0.00023702598509474894,10
PIE-2,C25032408-0012.txt,7.599798125832,7.6,140.631557,90.0,146,146.02,146.001164118567,2.0,1.0,1.0,0.0,1.0,0.014221559105684936,0.007110779552842468,7.900866169824965e-05,10
PIE-2,C25032408-0012.txt,7.599798125832,7.6,140.631557,90.0,148,148.01,147.94956619135198,0.0,0.0,0.0,0.0,0.0,0.0,0.0,0.0,10
PIE-2,C25032408-0013.txt,7.64997915898,7.65,135.117906,90.0,99,99.0,98.99443087259999,1.0,0.0,0.0,0.0,0.0,0.007400943587743286,0.0,0.0,10
PIE-2,C25032408-0013.txt,7.64997915898,7.65,135.117906,90.0,101,101.02,101.000480789232,0.0,0.0,0.0,0.0,0.0,0.0,0.0,0.0,10
PIE-2,C25032408-0013.txt,7.64997915898,7.65,135.117906,90.0,127,127.05,127.022820949512,1.0,0.0,0.0,0.0,0.0,0.007400943587743286,0.0,0.0,10
PIE-2,C25032408-0013.txt,7.64997915898,7.65,135.117906,90.0,128,128.0,128.018987555847,0.0,100.0,103.0,0.0,10.14889156509222,0.0,0.7622971895375584,0.008469968772639539,10
PIE-2,C25032408-0013.txt,7.64997915898,7.65,135.117906,90.0,129,129.0,129.046496976672,2.0,14.0,14.0,0.0,3.7416573867739413,0.014801887175486571,0.103613210228406,0.0011512578914267334,10
PIE-2,C25032408-0013.txt,7.64997915898,7.65,135.117906,90.0,130,130.0,129.981653971128,0.0,11.0,13.0,0.0,3.6055512754639896,0.0,0.09621226664066271,0.0010690251848962523,10
PIE-2,C25032408-0013.txt,7.64997915898,7.65,135.117906,90.0,142,142.06,142.042259165928,0.0,14.0,14.0,0.0,3.7416573867739413,0.0,0.103613210228406,0.0011512578914267334,10
PIE-2,C25032408-0013.txt,7.64997915898,7.65,135.117906,90.0,144,144.02,144.036665463552,4.0,5.0,5.0,0.0,2.23606797749979,0.029603774350973142,0.037004717938716424,0.0004111635326524047,10
PIE-2,C25032408-0013.txt,7.64997915898,7.65,135.117906,90.0,146,146.02,146.001164118567,1.0,1.0,1.0,0.0,1.0,0.007400943587743286,0.007400943587743286,8.223270653048095e-05,10
PIE-2,C25032408-0013.txt,7.64997915898,7.65,135.117906,90.0,148,148.01,147.94956619135198,0.0,0.0,0.0,0.0,0.0,0.0,0.0,0.0,10
PIE-2,C25032408-0014.txt,7.699952208382,7.7,130.688406,90.0,99,99.0,98.99443087259999,0.0,0.0,0.0,0.0,0.0,0.0,0.0,0.0,10
PIE-2,C25032408-0014.txt,7.699952208382,7.7,130.688406,90.0,101,101.02,101.000480789232,0.0,1.0,1.0,0.0,1.0,0.0,0.007651788177751591,8.501986864168435e-05,10
PIE-2,C25032408-0014.txt,7.699952208382,7.7,130.688406,90.0,127,127.05,127.022820949512,0.0,0.0,0.0,0.0,0.0,0.0,0.0,0.0,10
PIE-2,C25032408-0014.txt,7.699952208382,7.7,130.688406,90.0,128,128.0,128.018987555847,0.0,129.0,132.0,0.0,11.489125293076057,0.0,1.01003603946321,0.011222622660702333,10
PIE-2,C25032408-0014.txt,7.699952208382,7.7,130.688406,90.0,129,129.0,129.046496976672,2.0,22.0,22.0,0.0,4.69041575982343,0.015303576355503182,0.168339339910535,0.0018704371101170556,10
PIE-2,C25032408-0014.txt,7.699952208382,7.7,130.688406,90.0,130,130.0,129.981653971128,0.0,17.0,18.0,0.0,4.242640687119286,0.0,0.13773218719952865,0.0015303576355503183,10
PIE-2,C25032408-0014.txt,7.699952208382,7.7,130.688406,90.0,142,142.06,142.042259165928,0.0,16.0,16.0,0.0,4.0,0.0,0.12242861084402545,0.0013603178982669495,10
PIE-2,C25032408-0014.txt,7.699952208382,7.7,130.688406,90.0,144,144.02,144.036665463552,2.0,13.0,12.0,0.0,3.464101615137755,0.015303576355503182,0.09182145813301909,0.0010202384237002122,10
PIE-2,C25032408-0014.txt,7.699952208382,7.7,130.688406,90.0,146,146.02,146.001164118567,1.0,4.0,2.0,0.0,1.414213562373095,0.007651788177751591,0.015303576355503182,0.0001700397372833687,10
PIE-2,C25032408-0014.txt,7.699952208382,7.7,130.688406,90.0,148,148.01,147.94956619135198,0.0,1.0,1.0,0.0,1.0,0.0,0.007651788177751591,8.501986864168435e-05,10
PIE-2,C25032408-0015.txt,7.749917611124,7.75,124.55151,90.0,99,99.0,98.99443087259999,0.0,0.0,0.0,0.0,0.0,0.0,0.0,0.0,10
PIE-2,C25032408-0015.txt,7.749917611124,7.75,124.55151,90.0,101,101.02,101.000480789232,0.0,0.0,0.0,0.0,0.0,0.0,0.0,0.0,10
PIE-2,C25032408-0015.txt,7.749917611124,7.75,124.55151,90.0,127,127.05,127.022820949512,0.0,1.0,1.0,0.0,1.0,0.0,0.008028806716193165,8.920896351325738e-05,10
PIE-2,C25032408-0015.txt,7.749917611124,7.75,124.55151,90.0,128,128.0,128.018987555847,1.0,152.0,155.0,0.0,12.449899597988733,0.008028806716193165,1.2444650410099405,0.013827389344554894,10
PIE-2,C25032408-0015.txt,7.749917611124,7.75,124.55151,90.0,129,129.0,129.046496976672,0.0,22.0,22.0,0.0,4.69041575982343,0.0,0.17663374775624963,0.0019625971972916626,10
PIE-2,C25032408-0015.txt,7.749917611124,7.75,124.55151,90.0,130,130.0,129.981653971128,1.0,11.0,18.0,0.0,4.242640687119286,0.008028806716193165,0.14451852089147696,0.0016057613432386329,10
PIE-2,C25032408-0015.txt,7.749917611124,7.75,124.55151,90.0,142,142.06,142.042259165928,0.0,24.0,23.0,0.0,4.79583152331272,0.0,0.18466255447244279,0.00205180616080492,10
PIE-2,C25032408-0015.txt,7.749917611124,7.75,124.55151,90.0,144,144.02,144.036665463552,2.0,19.0,18.0,0.0,4.242640687119286,0.01605761343238633,0.14451852089147696,0.0016057613432386329,10
PIE-2,C25032408-0015.txt,7.749917611124,7.75,124.55151,90.0,146,146.02,146.001164118567,1.0,3.0,3.0,0.0,1.7320508075688774,0.008028806716193165,0.024086420148579493,0.00026762689053977216,10
PIE-2,C25032408-0015.txt,7.749917611124,7.75,124.55151,90.0,148,148.01,147.94956619135198,1.0,0.0,0.0,0.0,0.0,0.008028806716193165,0.0,0.0,10
PIE-2,C25032408-0016.txt,7.799968599829,7.8,117.443075,90.0,99,99.0,98.99443087259999,0.0,1.0,1.0,0.0,1.0,0.0,0.008514763429005926,9.460848254451029e-05,10
PIE-2,C25032408-0016.txt,7.799968599829,7.8,117.443075,90.0,101,101.02,101.000480789232,0.0,0.0,0.0,0.0,0.0,0.0,0.0,0.0,10
PIE-2,C25032408-0016.txt,7.799968599829,7.8,117.443075,90.0,127,127.05,127.022820949512,1.0,1.0,1.0,0.0,1.0,0.008514763429005926,0.008514763429005926,9.460848254451029e-05,10
PIE-2,C25032408-0016.txt,7.799968599829,7.8,117.443075,90.0,128,128.0,128.018987555847,0.0,161.0,169.0,0.0,13.0,0.0,1.4389950195020014,0.015988833550022237,10
PIE-2,C25032408-0016.txt,7.799968599829,7.8,117.443075,90.0,129,129.0,129.046496976672,2.0,26.0,26.0,0.0,5.099019513592785,0.017029526858011852,0.22138384915415404,0.002459820546157267,10
PIE-2,C25032408-0016.txt,7.799968599829,7.8,117.443075,90.0,130,130.0,129.981653971128,2.0,16.0,21.0,0.0,4.58257569495584,0.017029526858011852,0.17881003200912443,0.0019867781334347158,10
PIE-2,C25032408-0016.txt,7.799968599829,7.8,117.443075,90.0,142,142.06,142.042259165928,0.0,26.0,25.0,0.0,5.0,0.0,0.21286908572514812,0.0023652120636127568,10
PIE-2,C25032408-0016.txt,7.799968599829,7.8,117.443075,90.0,144,144.02,144.036665463552,5.0,81.0,80.0,0.0,8.94427190999916,0.04257381714502963,0.681181074320474,0.0075686786035608225,10
PIE-2,C25032408-0016.txt,7.799968599829,7.8,117.443075,90.0,146,146.02,146.001164118567,3.0,1.0,1.0,0.0,1.0,0.025544290287017775,0.008514763429005926,9.460848254451029e-05,10
PIE-2,C25032408-0016.txt,7.799968599829,7.8,117.443075,90.0,148,148.01,147.94956619135198,1.0,1.0,1.0,0.0,1.0,0.008514763429005926,0.008514763429005926,9.460848254451029e-05,10
PIE-2,C25032408-0017.txt,7.84971295795,7.85,110.953401,90.0,99,99.0,98.99443087259999,1.0,0.0,0.0,0.0,0.0,0.00901279267681033,0.0,0.0,10
PIE-2,C25032408-0017.txt,7.84971295795,7.85,110.953401,90.0,101,101.02,101.000480789232,0.0,0.0,0.0,0.0,0.0,0.0,0.0,0.0,10
PIE-2,C25032408-0017.txt,7.84971295795,7.85,110.953401,90.0,127,127.05,127.022820949512,0.0,2.0,2.0,0.0,1.414213562373095,0.0,0.01802558535362066,0.00020028428170689624,10
PIE-2,C25032408-0017.txt,7.84971295795,7.85,110.953401,90.0,128,128.0,128.018987555847,1.0,182.0,188.0,0.0,13.711309200802088,0.00901279267681033,1.694405023240342,0.018826722480448244,10
PIE-2,C25032408-0017.txt,7.84971295795,7.85,110.953401,90.0,129,129.0,129.046496976672,2.0,28.0,28.0,0.0,5.2915026221291805,0.01802558535362066,0.25235819495068923,0.002803979943896547,10
PIE-2,C25032408-0017.txt,7.84971295795,7.85,110.953401,90.0,130,130.0,129.981653971128,1.0,18.0,27.0,0.0,5.196152422706632,0.00901279267681033,0.24334540227387894,0.002703837803043099,10
PIE-2,C25032408-0017.txt,7.84971295795,7.85,110.953401,90.0,142,142.06,142.042259165928,1.0,34.0,34.0,0.0,5.8309518948453,0.00901279267681033,0.3064349510115512,0.0034048327890172357,10
PIE-2,C25032408-0017.txt,7.84971295795,7.85,110.953401,90.0,144,144.02,144.036665463552,3.0,103.0,103.0,0.0,10.14889156509222,0.027038378030430993,0.928317645711464,0.010314640507905155,10
PIE-2,C25032408-0017.txt,7.84971295795,7.85,110.953401,90.0,146,146.02,146.001164118567,8.0,2.0,2.0,0.0,1.414213562373095,0.07210234141448264,0.01802558535362066,0.00020028428170689624,10
PIE-2,C25032408-0017.txt,7.84971295795,7.85,110.953401,90.0,148,148.01,147.94956619135198,3.0,2.0,2.0,0.0,1.414213562373095,0.027038378030430993,0.01802558535362066,0.00020028428170689624,10
PIE-2,C25032408-0018.txt,7.899829267412,7.9,104.184818,90.0,99,99.0,98.99443087259999,0.0,0.0,0.0,0.0,0.0,0.0,0.0,0.0,10
PIE-2,C25032408-0018.txt,7.899829267412,7.9,104.184818,90.0,101,101.02,101.000480789232,1.0,0.0,0.0,0.0,0.0,0.009598327464563983,0.0,0.0,10
PIE-2,C25032408-0018.txt,7.899829267412,7.9,104.184818,90.0,127,127.05,127.022820949512,1.0,2.0,2.0,0.0,1.414213562373095,0.009598327464563983,0.019196654929127966,0.00021329616587919962,10
PIE-2,C25032408-0018.txt,7.899829267412,7.9,104.184818,90.0,128,128.0,128.018987555847,0.0,173.0,176.0,0.0,13.2664991614216,0.0,1.6893056337632608,0.018770062597369564,10
PIE-2,C25032408-0018.txt,7.899829267412,7.9,104.184818,90.0,129,129.0,129.046496976672,0.0,24.0,26.0,0.0,5.099019513592785,0.0,0.24955651407866353,0.002772850156429595,10
PIE-2,C25032408-0018.txt,7.899829267412,7.9,104.184818,90.0,130,130.0,129.981653971128,1.0,25.0,29.0,0.0,5.385164807134505,0.009598327464563983,0.27835149647235546,0.003092794405248394,10
PIE-2,C25032408-0018.txt,7.899829267412,7.9,104.184818,90.0,142,142.06,142.042259165928,1.0,62.0,61.0,0.0,7.810249675906655,0.009598327464563983,0.5854979753384029,0.006505533059315587,10
PIE-2,C25032408-0018.txt,7.899829267412,7.9,104.184818,90.0,144,144.02,144.036665463552,4.0,133.0,133.0,0.0,11.532562594670795,0.03839330985825593,1.2765775527870096,0.014184195030966773,10
PIE-2,C25032408-0018.txt,7.899829267412,7.9,104.184818,90.0,146,146.02,146.001164118567,14.0,6.0,5.0,0.0,2.23606797749979,0.13437658450389575,0.04799163732281991,0.0005332404146979991,10
PIE-2,C25032408-0018.txt,7.899829267412,7.9,104.184818,90.0,148,148.01,147.94956619135198,2.0,1.0,1.0,0.0,1.0,0.019196654929127966,0.009598327464563983,0.00010664808293959981,10
PIE-2,C25032408-0019.txt,7.949939125725,7.95,98.361122,90.0,99,99.0,98.99443087259999,0.0,0.0,0.0,0.0,0.0,0.0,0.0,0.0,10
PIE-2,C25032408-0019.txt,7.949939125725,7.95,98.361122,90.0,101,101.02,101.000480789232,0.0,0.0,0.0,0.0,0.0,0.0,0.0,0.0,10
PIE-2,C25032408-0019.txt,7.949939125725,7.95,98.361122,90.0,127,127.05,127.022820949512,0.0,1.0,2.0,0.0,1.414213562373095,0.0,0.02033323694701246,0.0002259248549668051,10
PIE-2,C25032408-0019.txt,7.949939125725,7.95,98.361122,90.0,128,128.0,128.018987555847,0.0,161.0,162.0,0.0,12.727922061357855,0.0,1.6469921927080093,0.018299913252311215,10
PIE-2,C25032408-0019.txt,7.949939125725,7.95,98.361122,90.0,129,129.0,129.046496976672,1.0,30.0,30.0,0.0,5.477225575051661,0.01016661847350623,0.3049985542051869,0.0033888728245020767,10
PIE-2,C25032408-0019.txt,7.949939125725,7.95,98.361122,90.0,130,130.0,129.981653971128,1.0,26.0,34.0,0.0,5.8309518948453,0.01016661847350623,0.34566502809921185,0.003840722534435687,10
PIE-2,C25032408-0019.txt,7.949939125725,7.95,98.361122,90.0,142,142.06,142.042259165928,1.0,59.0,58.0,0.0,7.615773105863908,0.01016661847350623,0.5896638714633613,0.006551820794037348,10
PIE-2,C25032408-0019.txt,7.949939125725,7.95,98.361122,90.0,144,144.02,144.036665463552,9.0,188.0,187.0,0.0,13.674794331177342,0.09149956626155607,1.901157654545665,0.021123973939396277,10
PIE-2,C25032408-0019.txt,7.949939125725,7.95,98.361122,90.0,146,146.02,146.001164118567,16.0,2.0,2.0,0.0,1.414213562373095,0.16266589557609967,0.02033323694701246,0.0002259248549668051,10
PIE-2,C25032408-0019.txt,7.949939125725,7.95,98.361122,90.0,148,148.01,147.94956619135198,1.0,3.0,0.0,0.0,0.0,0.01016661847350623,0.0,0.0,10
PIE-2,C25032408-0020.txt,7.99973177999,8.0,92.489466,90.0,99,99.0,98.99443087259999,0.0,0.0,0.0,0.0,0.0,0.0,0.0,0.0,10
PIE-2,C25032408-0020.txt,7.99973177999,8.0,92.489466,90.0,101,101.02,101.000480789232,1.0,0.0,0.0,0.0,0.0,0.01081204209785361,0.0,0.0,10
PIE-2,C25032408-0020.txt,7.99973177999,8.0,92.489466,90.0,127,127.05,127.022820949512,0.0,1.0,1.0,0.0,1.0,0.0,0.01081204209785361,0.00012013380108726233,10
PIE-2,C25032408-0020.txt,7.99973177999,8.0,92.489466,90.0,128,128.0,128.018987555847,0.0,181.0,183.0,0.0,13.527749258468683,0.0,1.9786037039072104,0.021984485598969004,10
PIE-2,C25032408-0020.txt,7.99973177999,8.0,92.489466,90.0,129,129.0,129.046496976672,0.0,24.0,24.0,0.0,4.898979485566357,0.0,0.25948901034848665,0.002883211226094296,10
PIE-2,C25032408-0020.txt,7.99973177999,8.0,92.489466,90.0,130,130.0,129.981653971128,1.0,27.0,35.0,0.0,5.916079783099616,0.01081204209785361,0.3784214734248763,0.004204683038054181,10
PIE-2,C25032408-0020.txt,7.99973177999,8.0,92.489466,90.0,142,142.06,142.042259165928,1.0,93.0,90.0,0.0,9.486832980505138,0.01081204209785361,0.9730837888068249,0.01081204209785361,10
PIE-2,C25032408-0020.txt,7.99973177999,8.0,92.489466,90.0,144,144.02,144.036665463552,9.0,224.0,224.0,0.0,14.966629547095765,0.09730837888068249,2.4218974299192086,0.026909971443546763,10
PIE-2,C25032408-0020.txt,7.99973177999,8.0,92.489466,90.0,146,146.02,146.001164118567,19.0,6.0,6.0,0.0,2.4494897427831783,0.20542879985921858,0.06487225258712166,0.000720802806523574,10
PIE-2,C25032408-0020.txt,7.99973177999,8.0,92.489466,90.0,148,148.01,147.94956619135198,0.0,2.0,1.0,0.0,1.0,0.0,0.01081204209785361,0.00012013380108726233,10
PIE,C25032408-0000.txt,7.999818767948,8.0,67.399146,60.0,99,99.0,98.99443087259999,0.0,0.0,0.0,0.0,0.0,0.0,0.0,0.0,10
PIE,C25032408-0000.txt,7.999818767948,8.0,67.399146,60.0,101,101.02,101.000480789232,0.0,1.0,1.0,0.0,1.0,0.0,0.014836983246048844,0.00024728305410081405,10
PIE,C25032408-0000.txt,7.999818767948,8.0,67.399146,60.0,127,127.05,127.022820949512,0.0,2.0,2.0,0.0,1.414213562373095,0.0,0.02967396649209769,0.0004945661082016281,10
PIE,C25032408-0000.txt,7.999818767948,8.0,67.399146,60.0,128,128.0,128.018987555847,1.0,372.0,375.0,0.0,19.364916731037084,0.014836983246048844,5.563868717268317,0.09273114528780528,10
PIE,C25032408-0000.txt,7.999818767948,8.0,67.399146,60.0,129,129.0,129.046496976672,2.0,33.0,33.0,0.0,5.744562646538029,0.02967396649209769,0.48962044711961183,0.008160340785326865,10
PIE,C25032408-0000.txt,7.999818767948,8.0,67.399146,60.0,130,130.0,129.981653971128,1.0,91.0,102.0,0.0,10.09950493836208,0.014836983246048844,1.513372291096982,0.025222871518283032,10
PIE,C25032408-0000.txt,7.999818767948,8.0,67.399146,60.0,142,142.06,142.042259165928,0.0,191.0,191.0,0.0,13.820274961085254,0.0,2.833863799995329,0.04723106333325548,10
PIE,C25032408-0000.txt,7.999818767948,8.0,67.399146,60.0,144,144.02,144.036665463552,7.0,395.0,393.0,0.0,19.82422760159901,0.10385888272234191,5.830934415697196,0.09718224026161994,10
PIE,C25032408-0000.txt,7.999818767948,8.0,67.399146,60.0,146,146.02,146.001164118567,24.0,9.0,8.0,0.0,2.82842712474619,0.35608759790517225,0.11869586596839075,0.0019782644328065124,10
PIE,C25032408-0000.txt,7.999818767948,8.0,67.399146,60.0,148,148.01,147.94956619135198,3.0,2.0,1.0,0.0,1.0,0.04451094973814653,0.014836983246048844,0.00024728305410081405,10
PIE,C25032408-0001.txt,8.04987526035,8.05,63.207115,60.0,99,99.0,98.99443087259999,1.0,0.0,0.0,0.0,0.0,0.015821003695549146,0.0,0.0,10
PIE,C25032408-0001.txt,8.04987526035,8.05,63.207115,60.0,101,101.02,101.000480789232,0.0,0.0,0.0,0.0,0.0,0.0,0.0,0.0,10
PIE,C25032408-0001.txt,8.04987526035,8.05,63.207115,60.0,127,127.05,127.022820949512,0.0,4.0,4.0,0.0,2.0,0.0,0.06328401478219658,0.0010547335797032765,10
PIE,C25032408-0001.txt,8.04987526035,8.05,63.207115,60.0,128,128.0,128.018987555847,0.0,425.0,426.0,0.0,20.639767440550294,0.0,6.739747574303937,0.11232912623839895,10
PIE,C25032408-0001.txt,8.04987526035,8.05,63.207115,60.0,129,129.0,129.046496976672,2.0,59.0,59.0,0.0,7.681145747868609,0.03164200739109829,0.9334392180373997,0.015557320300623328,10
PIE,C25032408-0001.txt,8.04987526035,8.05,63.207115,60.0,130,130.0,129.981653971128,1.0,93.0,106.0,0.0,10.295630140986999,0.015821003695549146,1.6770263917282098,0.02795043986213683,10
PIE,C25032408-0001.txt,8.04987526035,8.05,63.207115,60.0,142,142.06,142.042259165928,1.0,251.0,251.0,0.0,15.84297951775486,0.015821003695549146,3.971071927582836,0.0661845321263806,10
PIE,C25032408-0001.txt,8.04987526035,8.05,63.207115,60.0,144,144.02,144.036665463552,17.0,447.0,443.0,0.0,21.04756517984919,0.2689570628243355,7.008704637128273,0.11681174395213788,10
PIE,C25032408-0001.txt,8.04987526035,8.05,63.207115,60.0,146,146.02,146.001164118567,30.0,11.0,9.0,0.0,3.0,0.47463011086647444,0.14238903325994234,0.002373150554332372,10
PIE,C25032408-0001.txt,8.04987526035,8.05,63.207115,60.0,148,148.01,147.94956619135198,4.0,6.0,3.0,0.0,1.7320508075688774,0.06328401478219658,0.047463011086647446,0.0007910501847774574,10
PIE-2,C25032408-0021.txt,8.050038842534,8.05,86.044697,90.0,99,99.0,98.99443087259999,1.0,1.0,1.0,0.0,1.0,0.011621866714226445,0.011621866714226445,0.00012913185238029384,10
PIE-2,C25032408-0021.txt,8.050038842534,8.05,86.044697,90.0,101,101.02,101.000480789232,0.0,0.0,0.0,0.0,0.0,0.0,0.0,0.0,10
PIE-2,C25032408-0021.txt,8.050038842534,8.05,86.044697,90.0,127,127.05,127.022820949512,0.0,2.0,2.0,0.0,1.414213562373095,0.0,0.02324373342845289,0.0002582637047605877,10
PIE-2,C25032408-0021.txt,8.050038842534,8.05,86.044697,90.0,128,128.0,128.018987555847,0.0,203.0,211.0,0.0,14.525839046333951,0.0,2.4522138767017796,0.027246820852241997,10
PIE-2,C25032408-0021.txt,8.050038842534,8.05,86.044697,90.0,129,129.0,129.046496976672,2.0,26.0,26.0,0.0,5.099019513592785,0.02324373342845289,0.30216853456988757,0.0033574281618876396,10
PIE-2,C25032408-0021.txt,8.050038842534,8.05,86.044697,90.0,130,130.0,129.981653971128,0.0,42.0,55.0,0.0,7.416198487095663,0.0,0.6392026692824544,0.00710225188091616,10
PIE-2,C25032408-0021.txt,8.050038842534,8.05,86.044697,90.0,142,142.06,142.042259165928,0.0,104.0,104.0,0.0,10.19803902718557,0.0,1.2086741382795503,0.013429712647550558,10
PIE-2,C25032408-0021.txt,8.050038842534,8.05,86.044697,90.0,144,144.02,144.036665463552,12.0,219.0,218.0,0.0,14.7648230602334,0.13946240057071732,2.533566943701365,0.028150743818904055,10
PIE-2,C25032408-0021.txt,8.050038842534,8.05,86.044697,90.0,146,146.02,146.001164118567,30.0,8.0,6.0,0.0,2.4494897427831783,0.3486560014267933,0.06973120028535866,0.0007747911142817629,10
PIE-2,C25032408-0021.txt,8.050038842534,8.05,86.044697,90.0,148,148.01,147.94956619135198,3.0,1.0,1.0,0.0,1.0,0.03486560014267933,0.011621866714226445,0.00012913185238029384,10
PIE,C25032408-0002.txt,8.099759461212,8.1,59.251542,60.0,99,99.0,98.99443087259999,0.0,0.0,1.0,0.0,1.0,0.0,0.01687719789638555,0.0002812866316064258,10
PIE,C25032408-0002.txt,8.099759461212,8.1,59.251542,60.0,101,101.02,101.000480789232,1.0,0.0,0.0,0.0,0.0,0.01687719789638555,0.0,0.0,10
PIE,C25032408-0002.txt,8.099759461212,8.1,59.251542,60.0,127,127.05,127.022820949512,1.0,1.0,2.0,0.0,1.414213562373095,0.01687719789638555,0.0337543957927711,0.0005625732632128516,10
PIE,C25032408-0002.txt,8.099759461212,8.1,59.251542,60.0,128,128.0,128.018987555847,0.0,631.0,636.0,0.0,25.219040425836983,0.0,10.733897862101209,0.1788982977016868,10
PIE,C25032408-0002.txt,8.099759461212,8.1,59.251542,60.0,129,129.0,129.046496976672,4.0,76.0,76.0,0.0,8.717797887081346,0.0675087915855422,1.2826670401253017,0.02137778400208836,10
PIE,C25032408-0002.txt,8.099759461212,8.1,59.251542,60.0,130,130.0,129.981653971128,1.0,108.0,117.0,0.0,10.816653826391967,0.01687719789638555,1.9746321538771092,0.03291053589795182,10
PIE,C25032408-0002.txt,8.099759461212,8.1,59.251542,60.0,142,142.06,142.042259165928,0.0,242.0,238.0,0.0,15.427248620541514,0.0,4.016773099339761,0.06694621832232935,10
PIE,C25032408-0002.txt,8.099759461212,8.1,59.251542,60.0,144,144.02,144.036665463552,9.0,395.0,391.0,0.0,19.77371993328519,0.15189478106746993,6.598984377486749,0.10998307295811248,10
PIE,C25032408-0002.txt,8.099759461212,8.1,59.251542,60.0,146,146.02,146.001164118567,38.0,5.0,4.0,0.0,2.0,0.6413335200626509,0.0675087915855422,0.0011251465264257032,10
PIE,C25032408-0002.txt,8.099759461212,8.1,59.251542,60.0,148,148.01,147.94956619135198,6.0,1.0,1.0,0.0,1.0,0.10126318737831329,0.01687719789638555,0.0002812866316064258,10
PIE-2,C25032408-0022.txt,8.100026997938,8.1,80.299656,90.0,99,99.0,98.99443087259999,0.0,0.0,0.0,0.0,0.0,0.0,0.0,0.0,10
PIE-2,C25032408-0022.txt,8.100026997938,8.1,80.299656,90.0,101,101.02,101.000480789232,0.0,1.0,1.0,0.0,1.0,0.0,0.01245335347389284,0.0001383705941543649,10
PIE-2,C25032408-0022.txt,8.100026997938,8.1,80.299656,90.0,127,127.05,127.022820949512,3.0,3.0,3.0,0.0,1.7320508075688774,0.03736006042167852,0.03736006042167852,0.00041511178246309466,10
PIE-2,C25032408-0022.txt,8.100026997938,8.1,80.299656,90.0,128,128.0,128.018987555847,1.0,313.0,318.0,0.0,17.83255450012701,0.01245335347389284,3.9601664046979232,0.04400184894108804,10
PIE-2,C25032408-0022.txt,8.100026997938,8.1,80.299656,90.0,129,129.0,129.046496976672,4.0,33.0,34.0,0.0,5.8309518948453,0.04981341389557136,0.42341401811235657,0.004704600201248407,10
PIE-2,C25032408-0022.txt,8.100026997938,8.1,80.299656,90.0,130,130.0,129.981653971128,0.0,38.0,52.0,0.0,7.211102550927979,0.0,0.6475743806424277,0.007195270896026974,10
PIE-2,C25032408-0022.txt,8.100026997938,8.1,80.299656,90.0,142,142.06,142.042259165928,1.0,130.0,130.0,0.0,11.401754250991381,0.01245335347389284,1.618935951606069,0.017988177240067436,10
PIE-2,C25032408-0022.txt,8.100026997938,8.1,80.299656,90.0,144,144.02,144.036665463552,11.0,224.0,223.0,0.0,14.933184523068078,0.13698688821282123,2.777097824678103,0.030856642496423368,10
PIE-2,C25032408-0022.txt,8.100026997938,8.1,80.299656,90.0,146,146.02,146.001164118567,16.0,9.0,6.0,0.0,2.4494897427831783,0.19925365558228544,0.07472012084335704,0.0008302235649261893,10
PIE-2,C25032408-0022.txt,8.100026997938,8.1,80.299656,90.0,148,148.01,147.94956619135198,3.0,3.0,1.0,0.0,1.0,0.03736006042167852,0.01245335347389284,0.0001383705941543649,10
PIE,C25032408-0003.txt,8.149904620949,8.15,55.455084,60.0,99,99.0,98.99443087259999,0.0,0.0,0.0,0.0,0.0,0.0,0.0,0.0,10
PIE,C25032408-0003.txt,8.149904620949,8.15,55.455084,60.0,101,101.02,101.000480789232,0.0,0.0,0.0,0.0,0.0,0.0,0.0,0.0,10
PIE,C25032408-0003.txt,8.149904620949,8.15,55.455084,60.0,127,127.05,127.022820949512,0.0,3.0,3.0,0.0,1.7320508075688774,0.0,0.0540978352859406,0.00090163058809901,10
PIE,C25032408-0003.txt,8.149904620949,8.15,55.455084,60.0,128,128.0,128.018987555847,0.0,3300.0,3324.7500000000005,0.25,57.56981028275849,0.0,59.953925955643676,0.999232099260728,10
PIE,C25032408-0003.txt,8.149904620949,8.15,55.455084,60.0,129,129.0,129.046496976672,6.0,380.0,382.0,0.0,19.54482028569206,0.1081956705718812,6.888457693076436,0.1148076282179406,10
PIE,C25032408-0003.txt,8.149904620949,8.15,55.455084,60.0,130,130.0,129.981653971128,4.0,132.0,152.0,0.0,12.328828005937954,0.0721304470479208,2.7409569878209905,0.04568261646368318,10
PIE,C25032408-0003.txt,8.149904620949,8.15,55.455084,60.0,142,142.06,142.042259165928,0.0,314.0,312.0,0.0,17.663521732655692,0.0,5.626174869737823,0.09376958116229704,10
PIE,C25032408-0003.txt,8.149904620949,8.15,55.455084,60.0,144,144.02,144.036665463552,15.0,465.0,463.0,0.0,21.517434791350013,0.270489176429703,8.349099245796832,0.13915165409661387,10
PIE,C25032408-0003.txt,8.149904620949,8.15,55.455084,60.0,146,146.02,146.001164118567,38.0,13.0,10.0,0.0,3.162277660168379,0.6852392469552476,0.180326117619802,0.0030054352936633665,10
PIE,C25032408-0003.txt,8.149904620949,8.15,55.455084,60.0,148,148.01,147.94956619135198,4.0,5.0,4.0,0.0,2.0,0.0721304470479208,0.0721304470479208,0.0012021741174653468,10
PIE,C25032408-0004.txt,8.199799691224,8.2,52.358665,60.0,99,99.0,98.99443087259999,0.0,0.0,0.0,0.0,0.0,0.0,0.0,0.0,10
PIE,C25032408-0004.txt,8.199799691224,8.2,52.358665,60.0,101,101.02,101.000480789232,0.0,0.0,0.0,0.0,0.0,0.0,0.0,0.0,10
PIE,C25032408-0004.txt,8.199799691224,8.2,52.358665,60.0,127,127.05,127.022820949512,1.0,6.0,6.0,0.0,2.4494897427831783,0.019099035470060206,0.11459421282036125,0.001909903547006021,10
PIE,C25032408-0004.txt,8.199799691224,8.2,52.358665,60.0,128,128.0,128.018987555847,1.0,4888.0,4908.25,0.75,69.8351692952011,0.019099035470060206,93.74284084592301,1.5623806807653835,10
PIE,C25032408-0004.txt,8.199799691224,8.2,52.358665,60.0,129,129.0,129.046496976672,25.0,553.0,545.4999999999998,0.5,22.918954257430507,0.4774758867515052,10.41852384891784,0.17364206414863065,10
PIE,C25032408-0004.txt,8.199799691224,8.2,52.358665,60.0,130,130.0,129.981653971128,8.0,145.0,167.0,0.0,12.922847983320086,0.15279228376048165,3.189538923500055,0.05315898205833425,10
PIE,C25032408-0004.txt,8.199799691224,8.2,52.358665,60.0,142,142.06,142.042259165928,1.0,350.0,346.0,0.0,18.601075237738275,0.019099035470060206,6.608266272640832,0.11013777121068054,10
PIE,C25032408-0004.txt,8.199799691224,8.2,52.358665,60.0,144,144.02,144.036665463552,21.0,461.0,458.0,0.0,21.4009345590327,0.40107974487126435,8.747358245287575,0.14578930408812626,10
PIE,C25032408-0004.txt,8.199799691224,8.2,52.358665,60.0,146,146.02,146.001164118567,22.0,8.0,6.0,0.0,2.4494897427831783,0.42017878034132455,0.11459421282036125,0.001909903547006021,10
PIE,C25032408-0004.txt,8.199799691224,8.2,52.358665,60.0,148,148.01,147.94956619135198,6.0,3.0,3.0,0.0,1.7320508075688774,0.11459421282036125,0.057297106410180626,0.0009549517735030104,10
PIE,C25032408-0005.txt,8.249635424306,8.25,49.361552,60.0,99,99.0,98.99443087259999,0.0,0.0,0.0,0.0,0.0,0.0,0.0,0.0,10
PIE,C25032408-0005.txt,8.249635424306,8.25,49.361552,60.0,101,101.02,101.000480789232,0.0,1.0,1.0,0.0,1.0,0.0,0.020258682303992387,0.0003376447050665398,10
PIE,C25032408-0005.txt,8.249635424306,8.25,49.361552,60.0,127,127.05,127.022820949512,3.0,7.0,7.0,0.0,2.6457513110645903,0.060776046911977154,0.1418107761279467,0.0023635129354657785,10
PIE,C25032408-0005.txt,8.249635424306,8.25,49.361552,60.0,128,128.0,128.018987555847,4.0,7021.0,7060.249999999999,0.75,83.83847515371265,0.08103472921596955,143.03136173676222,2.383856028946037,10
PIE,C25032408-0005.txt,8.249635424306,8.25,49.361552,60.0,129,129.0,129.046496976672,22.0,819.0,812.4999999999998,0.5,28.14301146254898,0.44569101068783246,16.46017937199381,0.2743363228665635,10
PIE,C25032408-0005.txt,8.249635424306,8.25,49.361552,60.0,130,130.0,129.981653971128,7.0,162.0,156.0,1.0,11.086437250491743,0.1418107761279467,3.1603544394228122,0.0526725739903802,10
PIE,C25032408-0005.txt,8.249635424306,8.25,49.361552,60.0,142,142.06,142.042259165928,2.0,373.0,372.0,0.0,19.28730152198591,0.040517364607984774,7.536229817085167,0.12560383028475278,10
PIE,C25032408-0005.txt,8.249635424306,8.25,49.361552,60.0,144,144.02,144.036665463552,15.0,480.0,478.0,0.0,21.863211109075444,0.3038802345598858,9.68365014130836,0.161394169021806,10
PIE,C25032408-0005.txt,8.249635424306,8.25,49.361552,60.0,146,146.02,146.001164118567,28.0,13.0,12.0,0.0,3.464101615137755,0.5672431045117868,0.24310418764790862,0.004051736460798477,10
PIE,C25032408-0005.txt,8.249635424306,8.25,49.361552,60.0,148,148.01,147.94956619135198,1.0,6.0,4.0,0.0,2.0,0.020258682303992387,0.08103472921596955,0.001350578820266159,10
PIE,C25032408-0006.txt,8.299986992141,8.3,47.492741,60.0,99,99.0,98.99443087259999,0.0,2.0,2.0,0.0,1.414213562373095,0.0,0.04211169871202001,0.0007018616452003335,10
PIE,C25032408-0006.txt,8.299986992141,8.3,47.492741,60.0,101,101.02,101.000480789232,0.0,0.0,0.0,0.0,0.0,0.0,0.0,0.0,10
PIE,C25032408-0006.txt,8.299986992141,8.3,47.492741,60.0,127,127.05,127.022820949512,1.0,9.0,10.0,0.0,3.162277660168379,0.021055849356010004,0.21055849356010004,0.003509308226001667,10
PIE,C25032408-0006.txt,8.299986992141,8.3,47.492741,60.0,128,128.0,128.018987555847,4.0,8690.0,8730.0,2.0,92.9881742190272,0.08422339742404002,183.81756487796733,3.0636260812994554,10
PIE,C25032408-0006.txt,8.299986992141,8.3,47.492741,60.0,129,129.0,129.046496976672,37.0,983.0,979.7499999999999,0.25,31.134568176246365,0.7790664261723702,20.6294684065508,0.3438244734425133,10
PIE,C25032408-0006.txt,8.299986992141,8.3,47.492741,60.0,130,130.0,129.981653971128,7.0,214.0,236.74999999999997,0.25,15.056424042730049,0.14739094549207005,4.984972335035368,0.08308287225058947,10
PIE,C25032408-0006.txt,8.299986992141,8.3,47.492741,60.0,142,142.06,142.042259165928,2.0,367.0,361.0,0.0,19.0,0.04211169871202001,7.601161617519612,0.1266860269586602,10
PIE,C25032408-0006.txt,8.299986992141,8.3,47.492741,60.0,144,144.02,144.036665463552,15.0,493.0,484.0,0.0,22.0,0.31583774034015005,10.191031088308842,0.1698505181384807,10
PIE,C25032408-0006.txt,8.299986992141,8.3,47.492741,60.0,146,146.02,146.001164118567,39.0,14.0,10.0,0.0,3.162277660168379,0.8211781248843902,0.21055849356010004,0.003509308226001667,10
PIE,C25032408-0006.txt,8.299986992141,8.3,47.492741,60.0,148,148.01,147.94956619135198,8.0,4.0,4.0,0.0,2.0,0.16844679484808003,0.08422339742404002,0.001403723290400667,10
PIE,C25032408-0007.txt,8.34988730589,8.35,45.203994,60.0,99,99.0,98.99443087259999,0.0,1.0,1.0,0.0,1.0,0.0,0.02212193904812924,0.00036869898413548734,10
PIE,C25032408-0007.txt,8.34988730589,8.35,45.203994,60.0,101,101.02,101.000480789232,1.0,1.0,1.0,0.0,1.0,0.02212193904812924,0.02212193904812924,0.00036869898413548734,10
PIE,C25032408-0007.txt,8.34988730589,8.35,45.203994,60.0,127,127.05,127.022820949512,2.0,8.0,11.0,0.0,3.3166247903554,0.04424387809625848,0.24334132952942167,0.004055688825490361,10
PIE,C25032408-0007.txt,8.34988730589,8.35,45.203994,60.0,128,128.0,128.018987555847,3.0,10842.0,10891.0,2.0,103.9598139461472,0.06636581714438773,240.93003817317557,4.015500636219593,10
PIE,C25032408-0007.txt,8.34988730589,8.35,45.203994,60.0,129,129.0,129.046496976672,33.0,1144.0,1134.2500000000002,0.75,33.22049320487983,0.730023988588265,25.0918093653406,0.41819682275567666,10
PIE,C25032408-0007.txt,8.34988730589,8.35,45.203994,60.0,130,130.0,129.981653971128,10.0,215.0,217.50000000000003,0.5,14.083645004180331,0.2212193904812924,4.811521742968111,0.08019202904946851,10
PIE,C25032408-0007.txt,8.34988730589,8.35,45.203994,60.0,142,142.06,142.042259165928,3.0,446.0,444.0,0.0,21.07130750570548,0.06636581714438773,9.822140937369383,0.16370234895615637,10
PIE,C25032408-0007.txt,8.34988730589,8.35,45.203994,60.0,144,144.02,144.036665463552,24.0,524.0,519.0,0.0,22.781571499789035,0.5309265371551019,11.481286365979077,0.19135477276631796,10
PIE,C25032408-0007.txt,8.34988730589,8.35,45.203994,60.0,146,146.02,146.001164118567,42.0,9.0,9.0,0.0,3.0,0.9291214400214282,0.19909745143316318,0.0033182908572193864,10
PIE,C25032408-0007.txt,8.34988730589,8.35,45.203994,60.0,148,148.01,147.94956619135198,6.0,4.0,3.0,0.0,1.7320508075688774,0.13273163428877546,0.06636581714438773,0.0011060969524064623,10
PIE,C25032408-0008.txt,8.399747284514,8.4,42.973004,60.0,99,99.0,98.99443087259999,0.0,0.0,0.0,0.0,0.0,0.0,0.0,0.0,10
PIE,C25032408-0008.txt,8.399747284514,8.4,42.973004,60.0,101,101.02,101.000480789232,0.0,2.0,2.0,0.0,1.414213562373095,0.0,0.04654084690006777,0.0007756807816677961,10
PIE,C25032408-0008.txt,8.399747284514,8.4,42.973004,60.0,127,127.05,127.022820949512,3.0,12.0,13.0,0.0,3.6055512754639896,0.06981127035010165,0.3025155048504405,0.0050419250808406745,10
PIE,C25032408-0008.txt,8.399747284514,8.4,42.973004,60.0,128,128.0,128.018987555847,1.0,11231.0,11264.999999999998,1.9999999999999996,105.7431876235376,0.023270423450033884,262.1413201646317,4.369022002743861,10
PIE,C25032408-0008.txt,8.399747284514,8.4,42.973004,60.0,129,129.0,129.046496976672,61.0,1254.0,1232.7499999999998,1.25,34.38596406110483,1.419495830452067,28.686614508029265,0.4781102418004878,10
PIE,C25032408-0008.txt,8.399747284514,8.4,42.973004,60.0,130,130.0,129.981653971128,20.0,222.0,218.74999999999994,1.25,13.28199120322629,0.46540846900067767,5.090405129694911,0.08484008549491519,10
PIE,C25032408-0008.txt,8.399747284514,8.4,42.973004,60.0,142,142.06,142.042259165928,4.0,440.0,440.0,0.0,20.97617696340303,0.09308169380013553,10.23898631801491,0.17064977196691516,10
PIE,C25032408-0008.txt,8.399747284514,8.4,42.973004,60.0,144,144.02,144.036665463552,24.0,565.0,561.0,0.0,23.685438564654024,0.5584901628008132,13.05470755546901,0.21757845925781683,10
PIE,C25032408-0008.txt,8.399747284514,8.4,42.973004,60.0,146,146.02,146.001164118567,41.0,15.0,12.0,0.0,3.464101615137755,0.9540873614513893,0.2792450814004066,0.004654084690006777,10
PIE,C25032408-0008.txt,8.399747284514,8.4,42.973004,60.0,148,148.01,147.94956619135198,5.0,4.0,3.0,0.0,1.7320508075688774,0.11635211725016942,0.06981127035010165,0.0011635211725016942,10
PIE,C25032408-0009.txt,8.450026051949,8.45,41.044327,60.0,99,99.0,98.99443087259999,0.0,2.0,2.0,0.0,1.414213562373095,0.0,0.048727805915784655,0.000812130098596411,10
PIE,C25032408-0009.txt,8.450026051949,8.45,41.044327,60.0,101,101.02,101.000480789232,0.0,3.0,3.0,0.0,1.7320508075688774,0.0,0.07309170887367698,0.0012181951478946163,10
PIE,C25032408-0009.txt,8.450026051949,8.45,41.044327,60.0,127,127.05,127.022820949512,5.0,10.0,11.0,0.0,3.3166247903554,0.12181951478946164,0.2680029325368156,0.00446671554228026,10
PIE,C25032408-0009.txt,8.450026051949,8.45,41.044327,60.0,128,128.0,128.018987555847,6.0,11798.0,11840.0,2.0,108.42781814523272,0.14618341774735397,288.46861102144516,4.807810183690752,10
PIE,C25032408-0009.txt,8.450026051949,8.45,41.044327,60.0,129,129.0,129.046496976672,49.0,1380.0,1372.4999999999998,0.5,36.767056848785856,1.193831244936724,33.43945680970722,0.5573242801617869,10
PIE,C25032408-0009.txt,8.450026051949,8.45,41.044327,60.0,130,130.0,129.981653971128,9.0,244.0,249.74999999999997,1.25,14.365552780862693,0.21927512662103096,6.0848847637336085,0.10141474606222681,10
PIE,C25032408-0009.txt,8.450026051949,8.45,41.044327,60.0,142,142.06,142.042259165928,3.0,513.0,510.0,0.0,22.583179581272432,0.07309170887367698,12.425590508525087,0.20709317514208478,10
PIE,C25032408-0009.txt,8.450026051949,8.45,41.044327,60.0,144,144.02,144.036665463552,27.0,510.0,503.0,0.0,22.427661492005804,0.6578253798630929,12.25504318781984,0.20425071979699733,10
PIE,C25032408-0009.txt,8.450026051949,8.45,41.044327,60.0,146,146.02,146.001164118567,47.0,11.0,9.0,0.0,3.0,1.1451034390209394,0.21927512662103096,0.0036545854436838493,10
PIE,C25032408-0009.txt,8.450026051949,8.45,41.044327,60.0,148,148.01,147.94956619135198,1.0,8.0,7.0,0.0,2.6457513110645903,0.024363902957892328,0.1705473207052463,0.0028424553450874385,10
PIE,C25032408-0010.txt,8.49974581444,8.5,39.395726,60.0,99,99.0,98.99443087259999,0.0,3.0,5.0,0.0,2.23606797749979,0.0,0.12691732092968663,0.002115288682161444,10
PIE,C25032408-0010.txt,8.49974581444,8.5,39.395726,60.0,101,101.02,101.000480789232,1.0,3.0,3.0,0.0,1.7320508075688774,0.025383464185937326,0.07615039255781197,0.0012691732092968663,10
PIE,C25032408-0010.txt,8.49974581444,8.5,39.395726,60.0,127,127.05,127.022820949512,3.0,11.0,11.0,0.0,3.3166247903554,0.07615039255781197,0.27921810604531055,0.004653635100755176,10
PIE,C25032408-0010.txt,8.49974581444,8.5,39.395726,60.0,128,128.0,128.018987555847,3.0,11880.0,11957.5,1.5,109.06342276827903,0.07615039255781197,303.52277300334555,5.058712883389092,10
PIE,C25032408-0010.txt,8.49974581444,8.5,39.395726,60.0,129,129.0,129.046496976672,44.0,1405.0,1387.0,1.0,36.69106743706291,1.1168724241812422,35.20686482589507,0.5867810804315845,10
PIE,C25032408-0010.txt,8.49974581444,8.5,39.395726,60.0,130,130.0,129.981653971128,13.0,273.0,274.75,1.25,15.187905052805938,0.32998503441718524,6.97410678508628,0.11623511308477134,10
PIE,C25032408-0010.txt,8.49974581444,8.5,39.395726,60.0,142,142.06,142.042259165928,2.0,474.0,469.0,0.0,21.656407827707717,0.05076692837187465,11.904844703204606,0.19841407838674344,10
PIE,C25032408-0010.txt,8.49974581444,8.5,39.395726,60.0,144,144.02,144.036665463552,19.0,530.0,527.0,0.0,22.95648056649799,0.4822858195328092,13.37708562598897,0.22295142709981616,10
PIE,C25032408-0010.txt,8.49974581444,8.5,39.395726,60.0,146,146.02,146.001164118567,45.0,23.0,21.0,0.0,4.58257569495584,1.1422558883671796,0.5330527479046838,0.008884212465078064,10
PIE,C25032408-0010.txt,8.49974581444,8.5,39.395726,60.0,148,148.01,147.94956619135198,2.0,8.0,7.0,0.0,2.6457513110645903,0.05076692837187465,0.17768424930156126,0.002961404155026021,10
PIE,C25032408-0011.txt,8.549727661502,8.55,37.983414,60.0,99,99.0,98.99443087259999,0.0,3.0,3.0,0.0,1.7320508075688774,0.0,0.07898184191657968,0.0013163640319429947,10
PIE,C25032408-0011.txt,8.549727661502,8.55,37.983414,60.0,101,101.02,101.000480789232,1.0,4.0,4.0,0.0,2.0,0.026327280638859897,0.10530912255543959,0.0017551520425906598,10
PIE,C25032408-0011.txt,8.549727661502,8.55,37.983414,60.0,127,127.05,127.022820949512,3.0,22.0,24.0,0.0,4.898979485566357,0.07898184191657968,0.6318547353326375,0.010530912255543957,10
PIE,C25032408-0011.txt,8.549727661502,8.55,37.983414,60.0,128,128.0,128.018987555847,6.0,12452.0,12497.25,2.7500000000000004,111.2780646836062,0.15796368383315937,329.0186079639918,5.48364346606653,10
PIE,C25032408-0011.txt,8.549727661502,8.55,37.983414,60.0,129,129.0,129.046496976672,59.0,1438.0,1417.7500000000002,1.25,36.97464916908166,1.5533095576927338,37.325502125743625,0.6220917020957271,10
PIE,C25032408-0011.txt,8.549727661502,8.55,37.983414,60.0,130,130.0,129.981653971128,17.0,297.0,317.25,0.7500000000000001,16.988088806287852,0.4475637708606182,8.352329782678302,0.1392054963779717,10
PIE,C25032408-0011.txt,8.549727661502,8.55,37.983414,60.0,142,142.06,142.042259165928,1.0,542.0,537.0,0.0,23.173260452512935,0.026327280638859897,14.137749703067763,0.23562916171779605,10
PIE,C25032408-0011.txt,8.549727661502,8.55,37.983414,60.0,144,144.02,144.036665463552,16.0,605.0,600.0,0.0,24.49489742783178,0.42123649022175835,15.796368383315938,0.26327280638859896,10
PIE,C25032408-0011.txt,8.549727661502,8.55,37.983414,60.0,146,146.02,146.001164118567,47.0,27.0,25.0,0.0,5.0,1.237382190026415,0.6581820159714974,0.010969700266191623,10
PIE,C25032408-0011.txt,8.549727661502,8.55,37.983414,60.0,148,148.01,147.94956619135198,6.0,2.0,2.0,0.0,1.414213562373095,0.15796368383315937,0.052654561277719794,0.0008775760212953299,10
PIE,C25032408-0012.txt,8.600027930899,8.6,36.594812,60.0,99,99.0,98.99443087259999,1.0,6.0,6.0,0.0,2.4494897427831783,0.02732627783413671,0.16395766700482026,0.002732627783413671,10
PIE,C25032408-0012.txt,8.600027930899,8.6,36.594812,60.0,101,101.02,101.000480789232,0.0,4.0,4.0,0.0,2.0,0.0,0.10930511133654684,0.001821751855609114,10
PIE,C25032408-0012.txt,8.600027930899,8.6,36.594812,60.0,127,127.05,127.022820949512,2.0,30.0,31.0,0.0,5.567764362830022,0.05465255566827342,0.847114612858238,0.014118576880970632,10
PIE,C25032408-0012.txt,8.600027930899,8.6,36.594812,60.0,128,128.0,128.018987555847,2.0,13152.0,13240.999999999998,2.0,114.70627502868727,0.05465255566827342,361.8272448018041,6.0304540800300686,10
PIE,C25032408-0012.txt,8.600027930899,8.6,36.594812,60.0,129,129.0,129.046496976672,50.0,1432.0,1415.0,1.0,37.07034808215391,1.3663138917068354,38.666683135303444,0.6444447189217241,10
PIE,C25032408-0012.txt,8.600027930899,8.6,36.594812,60.0,130,130.0,129.981653971128,11.0,388.0,408.0,1.0,19.23330444827409,0.3005890561755038,11.149121356327777,0.1858186892721296,10
PIE,C25032408-0012.txt,8.600027930899,8.6,36.594812,60.0,142,142.06,142.042259165928,0.0,626.0,621.0,0.0,24.919871588754226,0.0,16.969618534998897,0.28282697558331493,10
PIE,C25032408-0012.txt,8.600027930899,8.6,36.594812,60.0,144,144.02,144.036665463552,21.0,563.0,552.7500000000001,0.25,23.29046455128466,0.5738518345168709,15.10460007281907,0.2517433345469845,10
PIE,C25032408-0012.txt,8.600027930899,8.6,36.594812,60.0,146,146.02,146.001164118567,38.0,37.0,32.0,0.0,5.65685424949238,1.038398557697195,0.8744408906923747,0.014574014844872913,10
PIE,C25032408-0012.txt,8.600027930899,8.6,36.594812,60.0,148,148.01,147.94956619135198,7.0,6.0,5.0,0.0,2.23606797749979,0.19128394483895697,0.13663138917068354,0.0022771898195113926,10
PIE,C25032408-0013.txt,8.649703032006,8.65,35.346115,60.0,99,99.0,98.99443087259999,1.0,2.0,2.0,0.0,1.414213562373095,0.028291652420640856,0.05658330484128171,0.0009430550806880286,10
PIE,C25032408-0013.txt,8.649703032006,8.65,35.346115,60.0,101,101.02,101.000480789232,0.0,1.0,1.0,0.0,1.0,0.0,0.028291652420640856,0.0004715275403440143,10
PIE,C25032408-0013.txt,8.649703032006,8.65,35.346115,60.0,127,127.05,127.022820949512,1.0,22.0,22.0,0.0,4.69041575982343,0.028291652420640856,0.6224163532540988,0.010373605887568313,10
PIE,C25032408-0013.txt,8.649703032006,8.65,35.346115,60.0,128,128.0,128.018987555847,4.0,14437.0,14561.999999999998,1.9999999999999996,120.32656302648425,0.11316660968256342,411.9830425493721,6.866384042489535,10
PIE,C25032408-0013.txt,8.649703032006,8.65,35.346115,60.0,129,129.0,129.046496976672,59.0,1604.0,1580.7500000000002,1.25,39.11441660182767,1.6692074928178104,44.72202956392804,0.7453671593988006,10
PIE,C25032408-0013.txt,8.649703032006,8.65,35.346115,60.0,130,130.0,129.981653971128,9.0,789.0,796.5000000000002,1.5,27.16832348613217,0.2546248717857677,22.53430115304045,0.37557168588400747,10
PIE,C25032408-0013.txt,8.649703032006,8.65,35.346115,60.0,142,142.06,142.042259165928,1.0,608.0,607.0,0.0,24.637369989509835,0.028291652420640856,17.173033019329,0.2862172169888167,10
PIE,C25032408-0013.txt,8.649703032006,8.65,35.346115,60.0,144,144.02,144.036665463552,23.0,616.0,609.0,0.0,24.67792535850613,0.6507080056747397,17.22961632417028,0.2871602720695047,10
PIE,C25032408-0013.txt,8.649703032006,8.65,35.346115,60.0,146,146.02,146.001164118567,60.0,42.0,42.0,0.0,6.48074069840786,1.6974991452384514,1.188249401666916,0.019804156694448603,10
PIE,C25032408-0013.txt,8.649703032006,8.65,35.346115,60.0,148,148.01,147.94956619135198,6.0,10.0,8.0,0.0,2.82842712474619,0.16974991452384514,0.22633321936512685,0.0037722203227521143,10
PIE,C25032408-0014.txt,8.699999421662,8.7,34.872098,60.0,99,99.0,98.99443087259999,2.0,2.0,2.0,0.0,1.414213562373095,0.057352442631928825,0.057352442631928825,0.0009558740438654804,10
PIE,C25032408-0014.txt,8.699999421662,8.7,34.872098,60.0,101,101.02,101.000480789232,2.0,7.0,7.0,0.0,2.6457513110645903,0.057352442631928825,0.20073354921175088,0.0033455591535291812,10
PIE,C25032408-0014.txt,8.699999421662,8.7,34.872098,60.0,127,127.05,127.022820949512,2.0,38.0,40.0,0.0,6.324555320336758,0.057352442631928825,1.1470488526385765,0.01911748087730961,10
PIE,C25032408-0014.txt,8.699999421662,8.7,34.872098,60.0,128,128.0,128.018987555847,4.0,16933.0,17141.0,2.0,130.60401845714892,0.11470488526385765,491.539109576946,8.1923184929491,10
PIE,C25032408-0014.txt,8.699999421662,8.7,34.872098,60.0,129,129.0,129.046496976672,65.0,1869.0,1823.7500000000002,2.25,41.64018990220723,1.8639543855376868,52.298258624990105,0.8716376437498351,10
PIE,C25032408-0014.txt,8.699999421662,8.7,34.872098,60.0,130,130.0,129.981653971128,31.0,1139.0,1162.5000000000002,1.5,33.20750936295247,0.8889628607948968,33.33610727980864,0.5556017879968106,10
PIE,C25032408-0014.txt,8.699999421662,8.7,34.872098,60.0,142,142.06,142.042259165928,8.0,661.0,660.0,0.0,25.69046515733026,0.2294097705277153,18.926306068536512,0.31543843447560854,10
PIE,C25032408-0014.txt,8.699999421662,8.7,34.872098,60.0,144,144.02,144.036665463552,34.0,670.0,664.0,0.0,25.76819745345025,0.97499152474279,19.04101095380037,0.3173501825633395,10
PIE,C25032408-0014.txt,8.699999421662,8.7,34.872098,60.0,146,146.02,146.001164118567,56.0,47.0,43.0,0.0,6.557438524302001,1.605868393694007,1.2330775165864698,0.02055129194310783,10
PIE,C25032408-0014.txt,8.699999421662,8.7,34.872098,60.0,148,148.01,147.94956619135198,4.0,14.0,10.0,0.0,3.162277660168379,0.11470488526385765,0.2867622131596441,0.004779370219327402,10
PIE,C25032408-0015.txt,8.750081257056,8.75,34.027501,60.0,99,99.0,98.99443087259999,2.0,4.0,5.0,0.0,2.23606797749979,0.058775988280773246,0.14693997070193313,0.0024489995116988854,10
PIE,C25032408-0015.txt,8.750081257056,8.75,34.027501,60.0,101,101.02,101.000480789232,0.0,6.0,6.0,0.0,2.4494897427831783,0.0,0.17632796484231975,0.0029387994140386625,10
PIE,C25032408-0015.txt,8.750081257056,8.75,34.027501,60.0,127,127.05,127.022820949512,2.0,52.0,49.75,0.25,6.409358432688267,0.058775988280773246,1.4620527084842345,0.02436754514140391,10
PIE,C25032408-0015.txt,8.750081257056,8.75,34.027501,60.0,128,128.0,128.018987555847,9.0,19262.0,19470.75,4.25,138.90238137066208,0.26449194726347963,572.2062869089328,9.536771448482215,10
PIE,C25032408-0015.txt,8.750081257056,8.75,34.027501,60.0,129,129.0,129.046496976672,87.0,2044.0,2012.0,2.0,43.94731405005021,2.5567554902136362,59.128644210457885,0.9854774035076315,10
PIE,C25032408-0015.txt,8.750081257056,8.75,34.027501,60.0,130,130.0,129.981653971128,25.0,1514.0,1530.2499999999998,1.75,38.21149710887597,0.7346998535096656,44.970978033326624,0.7495163005554437,10
PIE,C25032408-0015.txt,8.750081257056,8.75,34.027501,60.0,142,142.06,142.042259165928,8.0,671.0,667.0,0.0,25.826343140289918,0.23510395312309298,19.60179209163788,0.3266965348606313,10
PIE,C25032408-0015.txt,8.750081257056,8.75,34.027501,60.0,144,144.02,144.036665463552,28.0,669.0,659.0,0.0,25.67099530598687,0.8228638359308255,19.366688138514785,0.3227781356419131,10
PIE,C25032408-0015.txt,8.750081257056,8.75,34.027501,60.0,146,146.02,146.001164118567,50.0,54.0,53.0,0.0,7.280109889280518,1.4693997070193312,1.557563689440491,0.02595939482400818,10
PIE,C25032408-0015.txt,8.750081257056,8.75,34.027501,60.0,148,148.01,147.94956619135198,5.0,15.0,11.0,0.0,3.3166247903554,0.14693997070193313,0.32326793554425287,0.0053877989257375474,10
PIE,C25032408-0016.txt,8.799780579665,8.8,33.24118,60.0,99,99.0,98.99443087259999,1.0,3.0,5.0,0.0,2.23606797749979,0.030083167926048354,0.15041583963024177,0.0025069306605040296,10
PIE,C25032408-0016.txt,8.799780579665,8.8,33.24118,60.0,101,101.02,101.000480789232,1.0,5.0,5.0,0.0,2.23606797749979,0.030083167926048354,0.15041583963024177,0.0025069306605040296,10
PIE,C25032408-0016.txt,8.799780579665,8.8,33.24118,60.0,127,127.05,127.022820949512,5.0,50.0,51.0,0.0,7.1414284285428495,0.15041583963024177,1.534241564228466,0.025570692737141097,10
PIE,C25032408-0016.txt,8.799780579665,8.8,33.24118,60.0,128,128.0,128.018987555847,8.0,21045.0,21308.750000000004,4.249999999999999,145.36757838141745,0.24066534340838683,641.034704544183,10.68391174240305,10
PIE,C25032408-0016.txt,8.799780579665,8.8,33.24118,60.0,129,129.0,129.046496976672,83.0,2198.0,2156.7500000000005,2.25,45.455657472137844,2.4969029378620133,64.8818724245048,1.0813645404084133,10
PIE,C25032408-0016.txt,8.799780579665,8.8,33.24118,60.0,130,130.0,129.981653971128,26.0,2156.0,2159.5,2.500000000000001,45.380266905565925,0.7821623660772572,64.96460113630143,1.0827433522716905,10
PIE,C25032408-0016.txt,8.799780579665,8.8,33.24118,60.0,142,142.06,142.042259165928,5.0,703.0,699.0,0.0,26.43860813280457,0.15041583963024177,21.028134380307797,0.3504689063384633,10
PIE,C25032408-0016.txt,8.799780579665,8.8,33.24118,60.0,144,144.02,144.036665463552,21.0,693.0,685.0,0.0,26.1725046566048,0.6317465264470155,20.60697002934312,0.343449500489052,10
PIE,C25032408-0016.txt,8.799780579665,8.8,33.24118,60.0,146,146.02,146.001164118567,62.0,81.0,76.0,0.0,8.717797887081346,1.8651564114149979,2.286320762379675,0.038105346039661245,10
PIE,C25032408-0016.txt,8.799780579665,8.8,33.24118,60.0,148,148.01,147.94956619135198,8.0,12.0,12.0,0.0,3.464101615137755,0.24066534340838683,0.36099801511258023,0.00601663358520967,10
PIE,C25032408-0017.txt,8.84988040432,8.85,32.547186,60.0,99,99.0,98.99443087259999,3.0,3.0,3.0,0.0,1.7320508075688774,0.09217386719699822,0.09217386719699822,0.0015362311199499702,10
PIE,C25032408-0017.txt,8.84988040432,8.85,32.547186,60.0,101,101.02,101.000480789232,0.0,6.0,6.0,0.0,2.4494897427831783,0.0,0.18434773439399643,0.0030724622398999404,10
PIE,C25032408-0017.txt,8.84988040432,8.85,32.547186,60.0,127,127.05,127.022820949512,5.0,44.0,46.0,0.0,6.782329983125268,0.15362311199499704,1.4133326303539726,0.023555543839232876,10
PIE,C25032408-0017.txt,8.84988040432,8.85,32.547186,60.0,128,128.0,128.018987555847,10.0,24791.0,25107.999999999996,5.0,157.7965203790867,0.30724622398999407,771.4338191940769,12.857230319901282,10
PIE,C25032408-0017.txt,8.84988040432,8.85,32.547186,60.0,129,129.0,129.046496976672,114.0,2406.0,2378.9999999999995,2.0,47.93604905523167,3.5026069534859325,73.09387668721958,1.2182312781203264,10
PIE,C25032408-0017.txt,8.84988040432,8.85,32.547186,60.0,130,130.0,129.981653971128,25.0,2692.0,2702.4999999999995,2.5,51.00418591939379,0.7681155599749852,83.03329203329588,1.3838882005549313,10
PIE,C25032408-0017.txt,8.84988040432,8.85,32.547186,60.0,142,142.06,142.042259165928,3.0,810.0,805.0,0.0,28.372521918222215,0.09217386719699822,24.73332103119452,0.41222201718657536,10
PIE,C25032408-0017.txt,8.84988040432,8.85,32.547186,60.0,144,144.02,144.036665463552,37.0,775.0,769.0,0.0,27.730849247724095,1.136811028762978,23.627234624830542,0.3937872437471757,10
PIE,C25032408-0017.txt,8.84988040432,8.85,32.547186,60.0,146,146.02,146.001164118567,52.0,93.0,86.0,0.0,9.273618495495704,1.5976803647479692,2.642317526313949,0.04403862543856582,10
PIE,C25032408-0017.txt,8.84988040432,8.85,32.547186,60.0,148,148.01,147.94956619135198,11.0,11.0,10.0,0.0,3.162277660168379,0.3379708463889935,0.30724622398999407,0.005120770399833234,10
PIE,C25032408-0018.txt,8.899615701493,8.9,31.921771,60.0,99,99.0,98.99443087259999,5.0,9.0,9.0,0.0,3.0,0.1566329136312644,0.2819392445362759,0.004698987408937931,10
PIE,C25032408-0018.txt,8.899615701493,8.9,31.921771,60.0,101,101.02,101.000480789232,4.0,8.0,8.0,0.0,2.82842712474619,0.1253063309050115,0.250612661810023,0.0041768776968337164,10
PIE,C25032408-0018.txt,8.899615701493,8.9,31.921771,60.0,127,127.05,127.022820949512,7.0,68.0,62.49999999999999,0.5,6.839695689557283,0.21928607908377012,1.9579114203908046,0.03263185700651341,10
PIE,C25032408-0018.txt,8.899615701493,8.9,31.921771,60.0,128,128.0,128.018987555847,14.0,29340.0,29790.5,4.5,172.05432721731057,0.43857215816754025,933.2345627064363,15.553909378440606,10
PIE,C25032408-0018.txt,8.899615701493,8.9,31.921771,60.0,129,129.0,129.046496976672,122.0,2878.0,2831.5000000000005,2.5,52.25183699743651,3.821843092602851,88.70121898938504,1.478353649823084,10
PIE,C25032408-0018.txt,8.899615701493,8.9,31.921771,60.0,130,130.0,129.981653971128,34.0,3416.0,3420.9999999999995,3.0,57.4410645368158,1.0651038126925978,107.16823950651107,1.7861373251085177,10
PIE,C25032408-0018.txt,8.899615701493,8.9,31.921771,60.0,142,142.06,142.042259165928,11.0,838.0,835.0,0.0,28.89636655359978,0.34459240998878166,26.157696576421152,0.4359616096070192,10
PIE,C25032408-0018.txt,8.899615701493,8.9,31.921771,60.0,144,144.02,144.036665463552,41.0,863.0,851.7499999999999,0.25,29.006514150251466,1.2843898917763679,26.682416837085885,0.44470694728476473,10
PIE,C25032408-0018.txt,8.899615701493,8.9,31.921771,60.0,146,146.02,146.001164118567,60.0,85.0,75.74999999999999,0.25,8.156485816181206,1.8795949635751725,2.372988641513655,0.03954981069189425,10
PIE,C25032408-0018.txt,8.899615701493,8.9,31.921771,60.0,148,148.01,147.94956619135198,14.0,13.0,11.0,0.0,3.3166247903554,0.43857215816754025,0.34459240998878166,0.005743206833146361,10
PIE,C25032408-0019.txt,8.949524337097,8.95,31.39593,60.0,99,99.0,98.99443087259999,2.0,7.0,8.0,0.0,2.82842712474619,0.06370252449919464,0.25481009799677856,0.004246834966612976,10
PIE,C25032408-0019.txt,8.949524337097,8.95,31.39593,60.0,101,101.02,101.000480789232,4.0,8.0,7.0,0.0,2.6457513110645903,0.12740504899838928,0.22295883574718126,0.003715980595786354,10
PIE,C25032408-0019.txt,8.949524337097,8.95,31.39593,60.0,127,127.05,127.022820949512,5.0,62.0,49.25,0.75,5.480686608135374,0.15925631124798661,1.568674665792668,0.026144577763211132,10
PIE,C25032408-0019.txt,8.949524337097,8.95,31.39593,60.0,128,128.0,128.018987555847,18.0,28116.0,28542.5,4.5,168.3886672837046,0.5733227204927518,909.1146527591316,15.151910879318859,10
PIE,C25032408-0019.txt,8.949524337097,8.95,31.39593,60.0,129,129.0,129.046496976672,105.0,2873.0,2837.2500000000005,2.75,52.213675479090874,3.3443825362077186,90.36999381767001,1.5061665636278334,10
PIE,C25032408-0019.txt,8.949524337097,8.95,31.39593,60.0,130,130.0,129.981653971128,36.0,3186.0,3191.2499999999995,2.7500000000000004,55.495803878571095,1.1466454409855036,101.64534065402744,1.6940890109004572,10
PIE,C25032408-0019.txt,8.949524337097,8.95,31.39593,60.0,142,142.06,142.042259165928,5.0,770.0,765.0,0.0,27.65863337187866,0.15925631124798661,24.36621562094195,0.40610359368236587,10
PIE,C25032408-0019.txt,8.949524337097,8.95,31.39593,60.0,144,144.02,144.036665463552,37.0,829.0,824.0,0.0,28.705400188814647,1.1784967032351008,26.245440093668194,0.43742400156113653,10
PIE,C25032408-0019.txt,8.949524337097,8.95,31.39593,60.0,146,146.02,146.001164118567,57.0,98.0,97.0,0.0,9.848857801796106,1.8155219482270473,3.08957243821094,0.05149287397018233,10
PIE,C25032408-0019.txt,8.949524337097,8.95,31.39593,60.0,148,148.01,147.94956619135198,10.0,14.0,12.0,0.0,3.464101615137755,0.31851262249597323,0.38221514699516784,0.006370252449919464,10
PIE,C25032408-0020.txt,8.99952406689,9.0,31.087777,60.0,99,99.0,98.99443087259999,3.0,4.0,4.0,0.0,2.0,0.09650094955326012,0.12866793273768015,0.0021444655456280023,10
PIE,C25032408-0020.txt,8.99952406689,9.0,31.087777,60.0,101,101.02,101.000480789232,2.0,12.0,12.0,0.0,3.464101615137755,0.06433396636884008,0.3860037982130405,0.006433396636884008,10
PIE,C25032408-0020.txt,8.99952406689,9.0,31.087777,60.0,127,127.05,127.022820949512,5.0,63.0,47.0,1.0,4.9819900360298925,0.1608349159221002,1.511848209667742,0.025197470161129033,10
PIE,C25032408-0020.txt,8.99952406689,9.0,31.087777,60.0,128,128.0,128.018987555847,24.0,33477.0,33968.5,6.5,183.56926913121262,0.772007596426081,1092.664168299972,18.2110694716662,10
PIE,C25032408-0020.txt,8.99952406689,9.0,31.087777,60.0,129,129.0,129.046496976672,125.0,3265.0,3210.7500000000005,3.25,55.496093872752155,4.020872898052505,103.28014125937665,1.7213356876562775,10
PIE,C25032408-0020.txt,8.99952406689,9.0,31.087777,60.0,130,130.0,129.981653971128,38.0,3893.0,3908.5,3.500000000000001,61.37449241799089,1.2223453610079615,125.72465377630571,2.095410896271762,10
PIE,C25032408-0020.txt,8.99952406689,9.0,31.087777,60.0,142,142.06,142.042259165928,4.0,830.0,824.0,0.0,28.705400188814647,0.12866793273768015,26.50559414396211,0.4417599023993685,10
PIE,C25032408-0020.txt,8.99952406689,9.0,31.087777,60.0,144,144.02,144.036665463552,36.0,913.0,903.7499999999999,0.25,29.889305623384296,1.1580113946391213,29.070911052919605,0.48451518421532674,10
PIE,C25032408-0020.txt,8.99952406689,9.0,31.087777,60.0,146,146.02,146.001164118567,79.0,127.0,121.0,0.0,11.0,2.541191671569183,3.8922049653148245,0.06487008275524707,10
PIE,C25032408-0020.txt,8.99952406689,9.0,31.087777,60.0,148,148.01,147.94956619135198,11.0,12.0,11.0,0.0,3.3166247903554,0.3538368150286204,0.3538368150286204,0.005897280250477007,10
PIE,C25032408-0021.txt,9.049958386834,9.05,31.079472,60.0,99,99.0,98.99443087259999,5.0,9.0,9.0,0.0,3.0,0.1608778939359073,0.2895802090846331,0.0048263368180772185,10
PIE,C25032408-0021.txt,9.049958386834,9.05,31.079472,60.0,101,101.02,101.000480789232,5.0,15.0,15.0,0.0,3.8729833462074166,0.1608778939359073,0.48263368180772187,0.008043894696795364,10
PIE,C25032408-0021.txt,9.049958386834,9.05,31.079472,60.0,127,127.05,127.022820949512,10.0,82.0,81.75000000000001,0.25,8.511470022929032,0.3217557878718146,2.6303535658520847,0.043839226097534746,10
PIE,C25032408-0021.txt,9.049958386834,9.05,31.079472,60.0,128,128.0,128.018987555847,16.0,37359.0,37974.00000000001,7.0,194.11918684609054,0.5148092605949033,1221.8354288644289,20.363923814407148,10
PIE,C25032408-0021.txt,9.049958386834,9.05,31.079472,60.0,129,129.0,129.046496976672,153.0,3715.0,3670.25,2.75,59.65126827133842,4.922863554438763,118.09241804365274,1.9682069673942124,10
PIE,C25032408-0021.txt,9.049958386834,9.05,31.079472,60.0,130,130.0,129.981653971128,32.0,4559.0,4592.750000000001,3.25,66.78465235072527,1.0296185211898066,147.77438947482767,2.4629064912471277,10
PIE,C25032408-0021.txt,9.049958386834,9.05,31.079472,60.0,142,142.06,142.042259165928,4.0,965.0,955.0,0.0,30.903074280724887,0.12870231514872582,30.727677741758292,0.5121279623626382,10
PIE,C25032408-0021.txt,9.049958386834,9.05,31.079472,60.0,144,144.02,144.036665463552,48.0,1023.0,1012.7499999999999,0.25,31.66003387443495,1.5444277817847099,32.585817416718015,0.5430969569453002,10
PIE,C25032408-0021.txt,9.049958386834,9.05,31.079472,60.0,146,146.02,146.001164118567,77.0,125.0,106.5,0.5,9.431798531002014,2.477519566612972,3.4266991408348253,0.05711165234724709,10
PIE,C25032408-0021.txt,9.049958386834,9.05,31.079472,60.0,148,148.01,147.94956619135198,18.0,13.0,11.0,0.0,3.3166247903554,0.5791604181692662,0.353931366658996,0.005898856110983267,10
PIE,C25032408-0022.txt,9.099851546561,9.1,31.075756,60.0,99,99.0,98.99443087259999,2.0,6.0,6.0,0.0,2.4494897427831783,0.06435885260522704,0.19307655781568114,0.0032179426302613523,10
PIE,C25032408-0022.txt,9.099851546561,9.1,31.075756,60.0,101,101.02,101.000480789232,7.0,18.0,18.0,0.0,4.242640687119286,0.22525598411829467,0.5792296734470435,0.009653827890784058,10
PIE,C25032408-0022.txt,9.099851546561,9.1,31.075756,60.0,127,127.05,127.022820949512,7.0,86.0,73.25,0.75,7.156993342129362,0.22525598411829467,2.3571429766664407,0.03928571627777401,10
PIE,C25032408-0022.txt,9.099851546561,9.1,31.075756,60.0,128,128.0,128.018987555847,16.0,42638.0,43252.0,7.999999999999998,207.16802376491805,0.5148708208418163,1391.8245464406402,23.19707577401067,10
PIE,C25032408-0022.txt,9.099851546561,9.1,31.075756,60.0,129,129.0,129.046496976672,181.0,4304.0,4239.500000000001,3.5,64.01114161610758,5.824476160773048,136.42467780993007,2.2737446301655013,10
PIE,C25032408-0022.txt,9.099851546561,9.1,31.075756,60.0,130,130.0,129.981653971128,52.0,5160.0,5165.25,4.75,70.52069799172268,1.6733301677359034,166.2147817095745,2.7702463618262416,10
PIE,C25032408-0022.txt,9.099851546561,9.1,31.075756,60.0,142,142.06,142.042259165928,7.0,1009.0,995.7500000000001,0.25,31.390437480503383,0.22525598411829467,32.04266374082742,0.534044395680457,10
PIE,C25032408-0022.txt,9.099851546561,9.1,31.075756,60.0,144,144.02,144.036665463552,47.0,1023.0,1014.7500000000001,0.25,31.691600381609362,1.5124330362228358,32.65407284057708,0.5442345473429513,10
PIE,C25032408-0022.txt,9.099851546561,9.1,31.075756,60.0,146,146.02,146.001164118567,77.0,130.0,121.0,0.0,11.0,2.4778158253012412,3.8937105826162366,0.06489517637693727,10
PIE,C25032408-0022.txt,9.099851546561,9.1,31.075756,60.0,148,148.01,147.94956619135198,15.0,14.0,13.0,0.0,3.6055512754639896,0.48269139453920284,0.41833254193397584,0.006972209032232931,10
PIE,C25032408-0023.txt,9.149875189035,9.15,30.830737,60.0,99,99.0,98.99443087259999,3.0,5.0,5.0,0.0,2.23606797749979,0.09730549094561054,0.16217581824268423,0.0027029303040447374,10
PIE,C25032408-0023.txt,9.149875189035,9.15,30.830737,60.0,101,101.02,101.000480789232,4.0,20.0,20.0,0.0,4.47213595499958,0.1297406545941474,0.6487032729707369,0.01081172121617895,10
PIE,C25032408-0023.txt,9.149875189035,9.15,30.830737,60.0,127,127.05,127.022820949512,9.0,110.0,94.25000000000001,0.75,8.404799584976331,0.29191647283683164,3.0570141738745984,0.050950236231243305,10
PIE,C25032408-0023.txt,9.149875189035,9.15,30.830737,60.0,128,128.0,128.018987555847,22.0,44428.0,45066.75,8.25,211.47788009947112,0.7135736002678107,1461.747411357698,24.362456855961632,10
PIE,C25032408-0023.txt,9.149875189035,9.15,30.830737,60.0,129,129.0,129.046496976672,161.0,4378.0,4328.5,3.5,64.7018414524826,5.222061347414432,140.39560585269174,2.339926764211529,10
PIE,C25032408-0023.txt,9.149875189035,9.15,30.830737,60.0,130,130.0,129.981653971128,60.0,5742.0,5776.499999999999,4.5,74.78962448495749,1.946109818912211,187.36172281577308,3.1226953802628845,10
PIE,C25032408-0023.txt,9.149875189035,9.15,30.830737,60.0,142,142.06,142.042259165928,11.0,1007.0,999.0,0.0,31.60696125855822,0.35678680013390535,32.402728484888314,0.5400454747481386,10
PIE,C25032408-0023.txt,9.149875189035,9.15,30.830737,60.0,144,144.02,144.036665463552,44.0,1127.0,1116.7500000000002,0.25,33.26180699227295,1.4271472005356214,36.221969004503535,0.6036994834083923,10
PIE,C25032408-0023.txt,9.149875189035,9.15,30.830737,60.0,146,146.02,146.001164118567,65.0,164.0,154.0,0.0,12.409673645990857,2.108285637154895,4.995015201874675,0.0832502533645779,10
PIE,C25032408-0023.txt,9.149875189035,9.15,30.830737,60.0,148,148.01,147.94956619135198,7.0,25.0,22.0,0.0,4.69041575982343,0.22704614553975794,0.7135736002678107,0.011892893337796844,10
PIE,C25032408-0024.txt,9.199712243097,9.2,30.637608,60.0,99,99.0,98.99443087259999,9.0,5.0,5.0,0.0,2.23606797749979,0.293756614419768,0.16319811912209334,0.002719968652034889,10
PIE,C25032408-0024.txt,9.199712243097,9.2,30.637608,60.0,101,101.02,101.000480789232,5.0,21.0,9.5,0.5,1.720179174807852,0.16319811912209334,0.31007642633197735,0.005167940438866289,10
PIE,C25032408-0024.txt,9.199712243097,9.2,30.637608,60.0,127,127.05,127.022820949512,9.0,101.0,86.0,1.0,7.601397897755385,0.293756614419768,2.8070076489000053,0.04678346081500009,10
PIE,C25032408-0024.txt,9.199712243097,9.2,30.637608,60.0,128,128.0,128.018987555847,25.0,48382.0,49215.0,8.0,221.09110877611306,0.8159905956104667,1606.3590865187648,26.772651441979413,10
PIE,C25032408-0024.txt,9.199712243097,9.2,30.637608,60.0,129,129.0,129.046496976672,178.0,4784.0,4729.25,3.750000000000001,67.65224480038283,5.809853040746523,154.36094097163198,2.5726823495271995,10
PIE,C25032408-0024.txt,9.199712243097,9.2,30.637608,60.0,130,130.0,129.981653971128,57.0,6380.0,6436.999999999999,4.0,79.20399690936927,1.8604585579918642,210.10125855778293,3.5016876426297157,10
PIE,C25032408-0024.txt,9.199712243097,9.2,30.637608,60.0,142,142.06,142.042259165928,11.0,1039.0,1033.0,0.0,32.14031735997639,0.3590358620686053,33.71673141062448,0.561945523510408,10
PIE,C25032408-0024.txt,9.199712243097,9.2,30.637608,60.0,144,144.02,144.036665463552,45.0,1187.0,1177.0,0.0,34.307433596816885,1.4687830720988402,38.41683724134077,0.6402806206890129,10
PIE,C25032408-0024.txt,9.199712243097,9.2,30.637608,60.0,146,146.02,146.001164118567,88.0,186.0,178.0,0.0,13.341664064126332,2.8722868965488426,5.809853040746523,0.09683088401244205,10
PIE,C25032408-0024.txt,9.199712243097,9.2,30.637608,60.0,148,148.01,147.94956619135198,15.0,21.0,18.0,0.0,4.242640687119286,0.48959435736628004,0.587513228839536,0.0097918871473256,10
PIE,C25032408-0025.txt,9.249879181274,9.25,30.747353,60.0,99,99.0,98.99443087259999,8.0,13.0,13.0,0.0,3.6055512754639896,0.26018499868915546,0.42280062286987763,0.007046677047831294,10
PIE,C25032408-0025.txt,9.249879181274,9.25,30.747353,60.0,101,101.02,101.000480789232,6.0,16.0,16.0,0.0,4.0,0.1951387490168666,0.5203699973783109,0.008672833289638516,10
PIE,C25032408-0025.txt,9.249879181274,9.25,30.747353,60.0,127,127.05,127.022820949512,7.0,103.0,83.0,1.0,7.423745685299301,0.227661873853011,2.699419361399988,0.0449903226899998,10
PIE,C25032408-0025.txt,9.249879181274,9.25,30.747353,60.0,128,128.0,128.018987555847,23.0,48974.0,49829.0,9.0,222.38220679268014,0.7480318712313219,1620.594787460241,27.00991312433735,10
PIE,C25032408-0025.txt,9.249879181274,9.25,30.747353,60.0,129,129.0,129.046496976672,185.0,4777.0,4702.499999999999,4.5,67.23691447332546,6.01677809468672,152.93999454196916,2.5489999090328195,10
PIE,C25032408-0025.txt,9.249879181274,9.25,30.747353,60.0,130,130.0,129.981653971128,65.0,7188.0,7176.500000000001,6.5,83.14748681749018,2.114003114349388,233.40220538659054,3.8900367564431755,10
PIE,C25032408-0025.txt,9.249879181274,9.25,30.747353,60.0,142,142.06,142.042259165928,4.0,1178.0,1157.2500000000002,0.75,33.56463466679561,0.13009249934457773,37.63738621662815,0.6272897702771358,10
PIE,C25032408-0025.txt,9.249879181274,9.25,30.747353,60.0,144,144.02,144.036665463552,54.0,1219.0,1211.0,0.0,34.799425282610635,1.7562487411517993,39.385504176570905,0.6564250696095151,10
PIE,C25032408-0025.txt,9.249879181274,9.25,30.747353,60.0,146,146.02,146.001164118567,82.0,227.0,210.75,0.25,14.168567502918062,2.6668962365638436,6.854248559217439,0.11423747598695731,10
PIE,C25032408-0025.txt,9.249879181274,9.25,30.747353,60.0,148,148.01,147.94956619135198,16.0,27.0,23.0,0.0,4.79583152331272,0.5203699973783109,0.7480318712313219,0.012467197853855364,10
PIE,C25032408-0026.txt,9.300545859698,9.3,30.720981,60.0,99,99.0,98.99443087259999,6.0,9.0,9.0,0.0,3.0,0.19530626316913513,0.2929593947537027,0.004882656579228378,10
PIE,C25032408-0026.txt,9.300545859698,9.3,30.720981,60.0,101,101.02,101.000480789232,2.0,13.0,13.0,0.0,3.6055512754639896,0.06510208772304504,0.4231635701997928,0.007052726169996546,10
PIE,C25032408-0026.txt,9.300545859698,9.3,30.720981,60.0,127,127.05,127.022820949512,12.0,101.0,85.0,1.0,7.542530330036968,0.39061252633827026,2.7668387282294145,0.04611397880382358,10
PIE,C25032408-0026.txt,9.300545859698,9.3,30.720981,60.0,128,128.0,128.018987555847,27.0,51116.0,52090.0,9.0,227.4087141247928,0.8788781842611081,1695.5838747467083,28.25973124577847,10
PIE,C25032408-0026.txt,9.300545859698,9.3,30.720981,60.0,129,129.0,129.046496976672,195.0,4810.0,4735.500000000001,4.5,67.48150658768137,6.347453552996892,154.14546820623994,2.5690911367706657,10
PIE,C25032408-0026.txt,9.300545859698,9.3,30.720981,60.0,130,130.0,129.981653971128,64.0,8007.0,8017.250000000001,5.75,88.22024639372894,2.0832668071374414,260.9698563987915,4.3494976066465245,10
PIE,C25032408-0026.txt,9.300545859698,9.3,30.720981,60.0,142,142.06,142.042259165928,15.0,1147.0,1141.0,0.0,33.77869150810908,0.4882656579228378,37.140741045997196,0.61901235076662,10
PIE,C25032408-0026.txt,9.300545859698,9.3,30.720981,60.0,144,144.02,144.036665463552,43.0,1280.0,1257.5000000000002,0.5,35.168806284422786,1.3996948860454685,40.93293765586458,0.682215627597743,10
PIE,C25032408-0026.txt,9.300545859698,9.3,30.720981,60.0,146,146.02,146.001164118567,93.0,228.0,223.0,0.0,14.933184523068078,3.0272470791215946,7.258882781119523,0.12098137968532538,10
PIE,C25032408-0026.txt,9.300545859698,9.3,30.720981,60.0,148,148.01,147.94956619135198,15.0,33.0,29.0,0.0,5.385164807134505,0.4882656579228378,0.9439802719841531,0.01573300453306922,10
PIE,C25032408-0027.txt,9.349869037348,9.35,30.653413,60.0,99,99.0,98.99443087259999,1.0,12.0,1.5000000000000002,0.5,0.316227766016838,0.032622794727621356,0.048934192091432044,0.000815569868190534,10
PIE,C25032408-0027.txt,9.349869037348,9.35,30.653413,60.0,101,101.02,101.000480789232,4.0,24.0,24.0,0.0,4.898979485566357,0.13049117891048542,0.7829470734629126,0.013049117891048543,10
PIE,C25032408-0027.txt,9.349869037348,9.35,30.653413,60.0,127,127.05,127.022820949512,14.0,103.0,91.25000000000001,0.75,8.236109703919068,0.456719126186699,2.9768300188954493,0.049613833648257485,10
PIE,C25032408-0027.txt,9.349869037348,9.35,30.653413,60.0,128,128.0,128.018987555847,18.0,52724.0,53822.24999999999,9.749999999999998,231.1186753698568,0.5872103050971844,1755.8322135287183,29.263870225478637,10
PIE,C25032408-0027.txt,9.349869037348,9.35,30.653413,60.0,129,129.0,129.046496976672,211.0,4979.0,4909.500000000001,4.5,68.75686277229156,6.883409687528107,160.1616107152571,2.669360178587618,10
PIE,C25032408-0027.txt,9.349869037348,9.35,30.653413,60.0,130,130.0,129.981653971128,54.0,8553.0,8573.25,5.749999999999999,91.31465620784083,1.7616309152915532,279.6833748985798,4.661389581642997,10
PIE,C25032408-0027.txt,9.349869037348,9.35,30.653413,60.0,142,142.06,142.042259165928,12.0,1216.0,1211.0,0.0,34.799425282610635,0.3914735367314563,39.50620441514946,0.658436740252491,10
PIE,C25032408-0027.txt,9.349869037348,9.35,30.653413,60.0,144,144.02,144.036665463552,55.0,1315.0,1286.2499999999998,0.75,35.433077597744855,1.7942537100191747,41.96106971840296,0.6993511619733827,10
PIE,C25032408-0027.txt,9.349869037348,9.35,30.653413,60.0,146,146.02,146.001164118567,106.0,277.0,267.0,0.0,16.34013463836819,3.458016241127864,8.710286192274902,0.14517143653791503,10
PIE,C25032408-0027.txt,9.349869037348,9.35,30.653413,60.0,148,148.01,147.94956619135198,16.0,40.0,24.5,0.5,3.632121651639396,0.5219647156419417,0.7992584708267233,0.013320974513778722,10
PIE,C25032408-0028.txt,9.399700994344,9.4,30.690671,60.0,99,99.0,98.99443087259999,8.0,11.0,12.0,0.0,3.464101615137755,0.2606655292743518,0.39099829391152774,0.006516638231858796,10
PIE,C25032408-0028.txt,9.399700994344,9.4,30.690671,60.0,101,101.02,101.000480789232,4.0,31.0,31.0,0.0,5.567764362830022,0.1303327646371759,1.0100789259381133,0.016834648765635223,10
PIE,C25032408-0028.txt,9.399700994344,9.4,30.690671,60.0,127,127.05,127.022820949512,6.0,116.0,105.25,0.75,9.00033007722972,0.19549914695576387,3.429380869515691,0.057156347825261515,10
PIE,C25032408-0028.txt,9.399700994344,9.4,30.690671,60.0,128,128.0,128.018987555847,26.0,59807.0,61041.75000000001,12.25,246.03160426763768,0.8471629701416434,1988.9350089478335,33.14891681579722,10
PIE,C25032408-0028.txt,9.399700994344,9.4,30.690671,60.0,129,129.0,129.046496976672,228.0,5624.0,5549.749999999999,5.250000000000001,73.0594006367619,7.428967584319027,180.82856513629173,3.0138094189381954,10
PIE,C25032408-0028.txt,9.399700994344,9.4,30.690671,60.0,130,130.0,129.981653971128,66.0,9944.0,9956.999999999998,7.0,98.343438814482,2.1504906165134026,324.4308343730901,5.407180572884835,10
PIE,C25032408-0028.txt,9.399700994344,9.4,30.690671,60.0,142,142.06,142.042259165928,9.0,1188.0,1181.0,0.0,34.36568055487917,0.2932487204336458,38.480748759126186,0.6413458126521031,10
PIE,C25032408-0028.txt,9.399700994344,9.4,30.690671,60.0,144,144.02,144.036665463552,42.0,1405.0,1378.5000000000002,0.5,36.848542882184546,1.368494028690347,44.91592901308675,0.7485988168847793,10
PIE,C25032408-0028.txt,9.399700994344,9.4,30.690671,60.0,146,146.02,146.001164118567,101.0,293.0,288.0,0.0,16.970562748477143,3.290902307088692,9.383959053876666,0.1563993175646111,10
PIE,C25032408-0028.txt,9.399700994344,9.4,30.690671,60.0,148,148.01,147.94956619135198,22.0,42.0,39.0,0.0,6.244997998398398,0.7168302055044675,1.2707444552124652,0.021179074253541087,10
PIE,C25032408-0029.txt,9.449997612188,9.45,31.132822,60.0,99,99.0,98.99443087259999,3.0,14.0,15.0,0.0,3.8729833462074166,0.09636132567744742,0.4818066283872371,0.008030110473120617,10
PIE,C25032408-0029.txt,9.449997612188,9.45,31.132822,60.0,101,101.02,101.000480789232,6.0,16.0,4.5,0.5,0.8911327886790069,0.19272265135489483,0.14454198851617112,0.002409033141936185,10
PIE,C25032408-0029.txt,9.449997612188,9.45,31.132822,60.0,127,127.05,127.022820949512,12.0,130.0,106.5,1.5,8.180215718643355,0.38544530270978966,3.4208270615493834,0.05701378435915639,10
PIE,C25032408-0029.txt,9.449997612188,9.45,31.132822,60.0,128,128.0,128.018987555847,35.0,66554.0,67990.25,13.75,259.64902059075854,1.1242154662368866,2183.8768743803566,36.397947906339276,10
PIE,C25032408-0029.txt,9.449997612188,9.45,31.132822,60.0,129,129.0,129.046496976672,270.0,6267.0,6185.500000000001,5.5,77.21927360449341,8.672519310970268,198.68099332595037,3.3113498887658395,10
PIE,C25032408-0029.txt,9.449997612188,9.45,31.132822,60.0,130,130.0,129.981653971128,74.0,11346.0,11351.750000000002,8.249999999999998,104.95481535343247,2.376912700043703,364.623226252988,6.077053770883134,10
PIE,C25032408-0029.txt,9.449997612188,9.45,31.132822,60.0,142,142.06,142.042259165928,13.0,1295.0,1284.0,0.0,35.832945734337834,0.41756574460227214,41.24264738994749,0.6873774564991249,10
PIE,C25032408-0029.txt,9.449997612188,9.45,31.132822,60.0,144,144.02,144.036665463552,63.0,1496.0,1464.0,1.0,37.72494287260135,2.023587839226396,47.02432693059434,0.7837387821765723,10
PIE,C25032408-0029.txt,9.449997612188,9.45,31.132822,60.0,146,146.02,146.001164118567,95.0,297.0,283.0,0.0,16.822603841260722,3.0514419797858348,9.09008505557254,0.15150141759287566,10
PIE,C25032408-0029.txt,9.449997612188,9.45,31.132822,60.0,148,148.01,147.94956619135198,13.0,56.0,52.0,0.0,7.211102550927979,0.41756574460227214,1.6702629784090886,0.027837716306818142,10
PIE,C25032408-0030.txt,9.499626118444,9.5,31.2309,60.0,99,99.0,98.99443087259999,6.0,14.0,14.0,0.0,3.7416573867739413,0.19211742216842936,0.4482739850596685,0.007471233084327808,10
PIE,C25032408-0030.txt,9.499626118444,9.5,31.2309,60.0,101,101.02,101.000480789232,2.0,26.0,26.0,0.0,5.099019513592785,0.06403914072280978,0.8325088293965272,0.013875147156608786,10
PIE,C25032408-0030.txt,9.499626118444,9.5,31.2309,60.0,127,127.05,127.022820949512,10.0,149.0,125.5,1.5,9.140880861151834,0.3201957036140489,4.018456080356314,0.06697426800593857,10
PIE,C25032408-0030.txt,9.499626118444,9.5,31.2309,60.0,128,128.0,128.018987555847,42.0,72630.0,74197.5,12.5,271.4335805459553,1.3448219551790055,2375.7720718903397,39.59620119817233,10
PIE,C25032408-0030.txt,9.499626118444,9.5,31.2309,60.0,129,129.0,129.046496976672,258.0,6614.0,6554.75,5.25,79.63307199814288,8.261049153242462,209.88027882641873,3.498004647106979,10
PIE,C25032408-0030.txt,9.499626118444,9.5,31.2309,60.0,130,130.0,129.981653971128,83.0,13034.0,13064.499999999998,8.5,112.76965852333927,2.657624339996606,418.31967698657417,6.9719946164429025,10
PIE,C25032408-0030.txt,9.499626118444,9.5,31.2309,60.0,142,142.06,142.042259165928,10.0,1394.0,1377.7500000000002,0.25,36.9774176563427,0.3201957036140489,44.1149630654256,0.73524938442376,10
PIE,C25032408-0030.txt,9.499626118444,9.5,31.2309,60.0,144,144.02,144.036665463552,54.0,1573.0,1547.2499999999998,0.75,38.94070497003033,1.729056799515864,49.54228024168371,0.8257046706947285,10
PIE,C25032408-0030.txt,9.499626118444,9.5,31.2309,60.0,146,146.02,146.001164118567,124.0,341.0,329.0,0.0,18.138357147217054,3.9704267248142067,10.53443864890221,0.1755739774817035,10
PIE,C25032408-0030.txt,9.499626118444,9.5,31.2309,60.0,148,148.01,147.94956619135198,24.0,50.0,31.5,0.5,4.347413023856832,0.7684696886737175,1.008616466384254,0.01681027443973757,10
PIE,C25032408-0031.txt,9.549938027219,9.55,31.298981,60.0,99,99.0,98.99443087259999,5.0,8.0,11.0,0.0,3.3166247903554,0.15974960973969088,0.3514491414273199,0.005857485690455332,10
PIE,C25032408-0031.txt,9.549938027219,9.55,31.298981,60.0,101,101.02,101.000480789232,8.0,22.0,21.0,0.0,4.58257569495584,0.25559937558350543,0.6709483609067017,0.011182472681778362,10
PIE,C25032408-0031.txt,9.549938027219,9.55,31.298981,60.0,127,127.05,127.022820949512,11.0,154.0,137.0,1.0,10.23986077070152,0.3514491414273199,4.37713930686753,0.0729523217811255,10
PIE,C25032408-0031.txt,9.549938027219,9.55,31.298981,60.0,128,128.0,128.018987555847,33.0,70073.0,71691.0,14.999999999999996,266.5829852644795,1.0543474242819597,2290.5218543696355,38.17536423949392,10
PIE,C25032408-0031.txt,9.549938027219,9.55,31.298981,60.0,129,129.0,129.046496976672,297.0,6635.0,6548.249999999999,5.750000000000001,79.46911191937652,9.489126818537638,209.21607639558613,3.486934606593102,10
PIE,C25032408-0031.txt,9.549938027219,9.55,31.298981,60.0,130,130.0,129.981653971128,67.0,13032.0,13049.499999999998,8.5,112.70317878408373,2.140644770511858,416.93050645961915,6.9488417743269855,10
PIE,C25032408-0031.txt,9.549938027219,9.55,31.298981,60.0,142,142.06,142.042259165928,10.0,1399.0,1394.0,0.0,37.336309405188935,0.31949921947938176,44.53819119542582,0.7423031865904303,10
PIE,C25032408-0031.txt,9.549938027219,9.55,31.298981,60.0,144,144.02,144.036665463552,54.0,1690.0,1663.4999999999998,0.5,40.530997998486775,1.7252957851886614,53.14869516039515,0.8858115860065858,10
PIE,C25032408-0031.txt,9.549938027219,9.55,31.298981,60.0,146,146.02,146.001164118567,135.0,385.0,363.49999999999994,0.5,18.537716798010074,4.313239462971654,11.613796628075525,0.19356327713459207,10
PIE,C25032408-0031.txt,9.549938027219,9.55,31.298981,60.0,148,148.01,147.94956619135198,23.0,72.0,54.50000000000001,0.5,6.272245180367953,0.7348482048025781,1.741270746162631,0.029021179102710515,10
PIE,C25032408-0032.txt,9.599801375134,9.6,31.405314,60.0,99,99.0,98.99443087259999,8.0,7.0,3.7499999999999996,0.25,0.9933992677987827,0.2547339599916116,0.11940654374606792,0.0019901090624344655,10
PIE,C25032408-0032.txt,9.599801375134,9.6,31.405314,60.0,101,101.02,101.000480789232,3.0,29.0,22.749999999999996,0.25,3.945350361334745,0.09552523499685435,0.7243996987261454,0.012073328312102423,10
PIE,C25032408-0032.txt,9.599801375134,9.6,31.405314,60.0,127,127.05,127.022820949512,17.0,131.0,124.0,1.0,9.624266518758526,0.5413096649821747,3.94837637986998,0.065806272997833,10
PIE,C25032408-0032.txt,9.599801375134,9.6,31.405314,60.0,128,128.0,128.018987555847,26.0,80978.0,82843.74999999999,14.249999999999996,286.7918109296169,0.8278853699727378,2637.889562256884,43.964826037614735,10
PIE,C25032408-0032.txt,9.599801375134,9.6,31.405314,60.0,129,129.0,129.046496976672,332.0,7437.0,7342.749999999999,6.25,84.1980424537625,10.57145933965188,233.80597309105073,3.8967662181841787,10
PIE,C25032408-0032.txt,9.599801375134,9.6,31.405314,60.0,130,130.0,129.981653971128,84.0,15317.0,15323.749999999998,10.25,122.08609185994263,2.674706579911922,487.93493992768225,8.132248998794704,10
PIE,C25032408-0032.txt,9.599801375134,9.6,31.405314,60.0,142,142.06,142.042259165928,16.0,1605.0,1586.4999999999998,0.5,39.5698665531711,0.5094679199832232,50.516928440836466,0.8419488073472744,10
PIE,C25032408-0032.txt,9.599801375134,9.6,31.405314,60.0,144,144.02,144.036665463552,59.0,1940.0,1911.2499999999998,0.75,43.36197349150351,1.8786629549381355,60.85753512924595,1.0142922521540991,10
PIE,C25032408-0032.txt,9.599801375134,9.6,31.405314,60.0,146,146.02,146.001164118567,144.0,493.0,476.75000000000006,0.25,21.598061715857533,4.585211279849009,15.180551928250106,0.25300919880416844,10
PIE,C25032408-0032.txt,9.599801375134,9.6,31.405314,60.0,148,148.01,147.94956619135198,16.0,77.0,58.5,0.5,6.561034202876918,0.5094679199832232,1.8627420824386598,0.031045701373977663,10
PIE,C25032408-0033.txt,9.649862673798,9.65,31.563096,60.0,99,99.0,98.99443087259999,10.0,10.0,11.0,0.0,3.3166247903554,0.31682570049528724,0.348508270544816,0.005808471175746933,10
PIE,C25032408-0033.txt,9.649862673798,9.65,31.563096,60.0,101,101.02,101.000480789232,13.0,24.0,18.749999999999996,0.25,3.466876226407681,0.41187341064387345,0.5940481884286635,0.009900803140477725,10
PIE,C25032408-0033.txt,9.649862673798,9.65,31.563096,60.0,127,127.05,127.022820949512,17.0,166.0,133.0,1.9999999999999996,9.028628302918339,0.5386036908419883,4.21378181658732,0.070229696943122,10
PIE,C25032408-0033.txt,9.649862673798,9.65,31.563096,60.0,128,128.0,128.018987555847,37.0,84351.0,86417.5,15.499999999999996,292.86749127113734,1.172255091832563,2737.9284972551486,45.63214162091914,10
PIE,C25032408-0033.txt,9.649862673798,9.65,31.563096,60.0,129,129.0,129.046496976672,318.0,7831.0,7741.000000000001,7.0,86.35830843767468,10.075057275750135,245.2547747534019,4.087579579223365,10
PIE,C25032408-0033.txt,9.649862673798,9.65,31.563096,60.0,130,130.0,129.981653971128,94.0,16942.0,16966.5,11.499999999999998,128.44013928757423,2.9781615846557004,537.5423247453291,8.959038745755485,10
PIE,C25032408-0033.txt,9.649862673798,9.65,31.563096,60.0,142,142.06,142.042259165928,13.0,1623.0,1615.0,0.0,40.18706259482024,0.41187341064387345,51.167350629988896,0.8527891771664816,10
PIE,C25032408-0033.txt,9.649862673798,9.65,31.563096,60.0,144,144.02,144.036665463552,63.0,2037.0,2001.2500000000002,0.75,44.38736455165031,1.9960019131203097,63.40474331161937,1.056745721860323,10
PIE,C25032408-0033.txt,9.649862673798,9.65,31.563096,60.0,146,146.02,146.001164118567,128.0,472.0,447.5,0.5,20.674653613247024,4.055368966339677,14.177950097164105,0.23629916828606842,10
PIE,C25032408-0033.txt,9.649862673798,9.65,31.563096,60.0,148,148.01,147.94956619135198,19.0,78.0,61.49999999999999,0.5,6.770927155527117,0.6019688309410458,1.9484780580460164,0.03247463430076694,10
PIE,C25032408-0034.txt,9.699864158557,9.7,31.745896,60.0,99,99.0,98.99443087259999,8.0,18.0,19.0,0.0,4.358898943540673,0.25200107755660767,0.5985025591969432,0.009975042653282386,10
PIE,C25032408-0034.txt,9.699864158557,9.7,31.745896,60.0,101,101.02,101.000480789232,7.0,26.0,13.5,0.5,2.2983926330486213,0.2205009428620317,0.4252518183767754,0.00708753030627959,10
PIE,C25032408-0034.txt,9.699864158557,9.7,31.745896,60.0,127,127.05,127.022820949512,20.0,187.0,155.0,1.9999999999999996,10.026116523973839,0.6300026938915191,4.882520877659273,0.08137534796098787,10
PIE,C25032408-0034.txt,9.699864158557,9.7,31.745896,60.0,128,128.0,128.018987555847,49.0,91736.0,94077.74999999999,17.25,305.5467014894076,1.543506600034222,2963.4617967626427,49.39102994604404,10
PIE,C25032408-0034.txt,9.699864158557,9.7,31.745896,60.0,129,129.0,129.046496976672,359.0,8459.0,8351.25,7.75,89.65467540527027,11.308548355352768,263.06549986807744,4.384424997801291,10
PIE,C25032408-0034.txt,9.699864158557,9.7,31.745896,60.0,130,130.0,129.981653971128,95.0,18076.0,18111.75,11.249999999999998,132.85805657414403,2.992512795984716,570.522564554486,9.508709409241435,10
PIE,C25032408-0034.txt,9.699864158557,9.7,31.745896,60.0,142,142.06,142.042259165928,17.0,1678.0,1644.0,1.0,40.03806018459431,0.5355022898077912,51.78622143788287,0.8631036906313813,10
PIE,C25032408-0034.txt,9.699864158557,9.7,31.745896,60.0,144,144.02,144.036665463552,70.0,2182.0,2155.5000000000005,0.5,46.2028421082895,2.205009428620317,67.89854033415848,1.1316423389026413,10
PIE,C25032408-0034.txt,9.699864158557,9.7,31.745896,60.0,146,146.02,146.001164118567,130.0,491.0,469.7499999999999,0.25,21.43547452083503,4.095017510294874,14.797188272777051,0.24661980454628418,10
PIE,C25032408-0034.txt,9.699864158557,9.7,31.745896,60.0,148,148.01,147.94956619135198,29.0,82.0,72.74999999999999,0.25,7.973350884309827,0.9135039061427027,2.2916347990304002,0.03819391331717334,10
PIE,C25032408-0035.txt,9.749888100517,9.75,31.891374,60.0,99,99.0,98.99443087259999,13.0,21.0,11.5,0.5,2.0172334444061675,0.4076337382014334,0.360599076101268,0.006009984601687801,10
PIE,C25032408-0035.txt,9.749888100517,9.75,31.891374,60.0,101,101.02,101.000480789232,7.0,33.0,27.75,0.25,4.486909063172161,0.21949508980077184,0.8701412488530598,0.014502354147550996,10
PIE,C25032408-0035.txt,9.749888100517,9.75,31.891374,60.0,127,127.05,127.022820949512,18.0,217.0,170.50000000000003,2.5,10.272202724845666,0.5644159452019847,5.346273258718801,0.08910455431198001,10
PIE,C25032408-0035.txt,9.749888100517,9.75,31.891374,60.0,128,128.0,128.018987555847,51.0,98861.0,101494.24999999999,18.75,317.3528213441464,1.5991785114056234,3182.4985025731407,53.041641709552344,10
PIE,C25032408-0035.txt,9.749888100517,9.75,31.891374,60.0,129,129.0,129.046496976672,357.0,9018.0,8888.250000000002,8.75,92.38691252130023,11.194249579839363,278.7038902745301,4.645064837908835,10
PIE,C25032408-0035.txt,9.749888100517,9.75,31.891374,60.0,130,130.0,129.981653971128,103.0,19739.0,19752.5,12.5,138.71226568675942,3.229713464211357,619.368108755678,10.322801812594633,10
PIE,C25032408-0035.txt,9.749888100517,9.75,31.891374,60.0,142,142.06,142.042259165928,17.0,1736.0,1714.4999999999998,0.5,41.15524396046166,0.5330595038018745,53.76061878048904,0.8960103130081507,10
PIE,C25032408-0035.txt,9.749888100517,9.75,31.891374,60.0,144,144.02,144.036665463552,81.0,2332.0,2304.7500000000005,0.25,47.89882690680034,2.5398717534089315,72.26875831690414,1.2044793052817357,10
PIE,C25032408-0035.txt,9.749888100517,9.75,31.891374,60.0,146,146.02,146.001164118567,159.0,549.0,525.5000000000002,0.5,22.47903363891413,4.985674182617532,16.47780995575795,0.2746301659292992,10
PIE,C25032408-0035.txt,9.749888100517,9.75,31.891374,60.0,148,148.01,147.94956619135198,28.0,89.0,59.0,1.0,5.8707194222389365,0.8779803592030874,1.8500300426065055,0.030833834043441758,10
PIE,C25032408-0036.txt,9.799852543566,9.8,32.11161,60.0,99,99.0,98.99443087259999,8.0,19.0,24.0,0.0,4.898979485566357,0.24913107751370922,0.7473932325411277,0.01245655387568546,10
PIE,C25032408-0036.txt,9.799852543566,9.8,32.11161,60.0,101,101.02,101.000480789232,9.0,38.0,26.5,0.5,3.8450241255830617,0.2802724622029229,0.8252466942641619,0.013754111571069365,10
PIE,C25032408-0036.txt,9.799852543566,9.8,32.11161,60.0,127,127.05,127.022820949512,17.0,209.0,167.75000000000003,2.25,10.358688666359207,0.5294035397166321,5.223967281615591,0.08706612136025986,10
PIE,C25032408-0036.txt,9.799852543566,9.8,32.11161,60.0,128,128.0,128.018987555847,52.0,106157.0,108760.0,21.0,328.45866578274274,1.61935200383911,3386.936998798877,56.448949979981286,10
PIE,C25032408-0036.txt,9.799852543566,9.8,32.11161,60.0,129,129.0,129.046496976672,382.0,9686.0,9537.75,9.25,95.73116193050024,11.896008951279615,297.01874181954753,4.950312363659125,10
PIE,C25032408-0036.txt,9.799852543566,9.8,32.11161,60.0,130,130.0,129.981653971128,125.0,20422.0,20466.0,10.999999999999998,141.4715482628571,3.8926730861517065,637.3395790494466,10.622326317490776,10
PIE,C25032408-0036.txt,9.799852543566,9.8,32.11161,60.0,142,142.06,142.042259165928,15.0,1885.0,1861.4999999999998,0.5,42.903779121986524,0.4671207703382048,57.969687598971205,0.9661614599828534,10
PIE,C25032408-0036.txt,9.799852543566,9.8,32.11161,60.0,144,144.02,144.036665463552,72.0,2417.0,2363.5000000000005,1.5,47.98057616644858,2.242179697623383,73.60266271295649,1.2267110452159415,10
PIE,C25032408-0036.txt,9.799852543566,9.8,32.11161,60.0,146,146.02,146.001164118567,170.0,563.0,522.0,1.0,21.980165139836146,5.294035397166321,16.255802807769527,0.2709300467961588,10
PIE,C25032408-0036.txt,9.799852543566,9.8,32.11161,60.0,148,148.01,147.94956619135198,31.0,104.0,79.5,0.5,7.930199222055681,0.9653829253656232,2.4757400827924854,0.04126233471320809,10
PIE,C25032408-0037.txt,9.849446267609,9.85,32.788333,60.0,99,99.0,98.99443087259999,6.0,9.0,12.0,0.0,3.464101615137755,0.182991919717297,0.365983839434594,0.006099730657243233,10
PIE,C25032408-0037.txt,9.849446267609,9.85,32.788333,60.0,101,101.02,101.000480789232,6.0,40.0,29.5,0.5,4.151225513908722,0.182991919717297,0.8997102719433769,0.014995171199056282,10
PIE,C25032408-0037.txt,9.849446267609,9.85,32.788333,60.0,127,127.05,127.022820949512,26.0,209.0,161.25000000000003,2.7500000000000004,9.692948572674899,0.7929649854416203,4.917907842402357,0.08196513070670595,10
PIE,C25032408-0037.txt,9.849446267609,9.85,32.788333,60.0,128,128.0,128.018987555847,53.0,120386.0,122951.24999999999,21.75,349.34866114504007,1.6164286241694568,3749.8475448568847,62.497459080948076,10
PIE,C25032408-0037.txt,9.849446267609,9.85,32.788333,60.0,129,129.0,129.046496976672,460.0,10963.0,10812.75,10.25,101.9741814883264,14.029380511659436,329.77431332053385,5.496238555342231,10
PIE,C25032408-0037.txt,9.849446267609,9.85,32.788333,60.0,130,130.0,129.981653971128,129.0,21868.0,21880.250000000004,14.75,145.86914371971622,3.9343262739218856,667.3181585657313,11.121969309428856,10
PIE,C25032408-0037.txt,9.849446267609,9.85,32.788333,60.0,142,142.06,142.042259165928,21.0,2074.0,2038.0,1.0,44.68610608369314,0.6404717190105395,62.15625539730855,1.0359375899551424,10
PIE,C25032408-0037.txt,9.849446267609,9.85,32.788333,60.0,144,144.02,144.036665463552,80.0,2521.0,2485.0,1.0,49.43377449620682,2.439892262897293,75.78915341624717,1.2631525569374529,10
PIE,C25032408-0037.txt,9.849446267609,9.85,32.788333,60.0,146,146.02,146.001164118567,169.0,625.0,596.5000000000002,0.5,24.00446146116355,5.154272405370532,18.19244668522795,0.3032074447537992,10
PIE,C25032408-0037.txt,9.849446267609,9.85,32.788333,60.0,148,148.01,147.94956619135198,45.0,133.0,117.75,0.25,10.397579002960594,1.3724393978797274,3.5912164244519533,0.05985360707419922,10
PIE,C25032408-0038.txt,9.899449350301,9.9,33.039819,60.0,99,99.0,98.99443087259999,7.0,25.0,16.5,0.5,2.694438717061496,0.21186556742335663,0.4993974089264835,0.008323290148774724,10
PIE,C25032408-0038.txt,9.899449350301,9.9,33.039819,60.0,101,101.02,101.000480789232,9.0,58.0,45.49999999999999,0.5,5.579567989313189,0.2723985866871728,1.377126188251818,0.0229521031375303,10
PIE,C25032408-0038.txt,9.899449350301,9.9,33.039819,60.0,127,127.05,127.022820949512,32.0,230.0,198.0,2.0,11.790728416673192,0.968528308221059,5.992768907117802,0.0998794817852967,10
PIE,C25032408-0038.txt,9.899449350301,9.9,33.039819,60.0,128,128.0,128.018987555847,47.0,133252.0,136168.5,25.5,367.56748761401826,1.4225259526996803,4121.345216812477,68.68908694687461,10
PIE,C25032408-0038.txt,9.899449350301,9.9,33.039819,60.0,129,129.0,129.046496976672,496.0,12333.0,12155.000000000002,12.0,108.03270819511822,15.012188777426413,367.8894245758429,6.131490409597381,10
PIE,C25032408-0038.txt,9.899449350301,9.9,33.039819,60.0,130,130.0,129.981653971128,162.0,23509.0,23506.000000000004,16.999999999999996,151.03989060812145,4.903174560369111,711.4445754076316,11.857409590127194,10
PIE,C25032408-0038.txt,9.899449350301,9.9,33.039819,60.0,142,142.06,142.042259165928,26.0,2191.0,2152.7500000000005,1.25,45.84211882420697,0.7869292504296104,65.15622861009015,1.0859371435015026,10
PIE,C25032408-0038.txt,9.899449350301,9.9,33.039819,60.0,144,144.02,144.036665463552,92.0,2794.0,2751.0,1.0,52.054121632656226,2.7845188861355443,83.26316799737916,1.387719466622986,10
PIE,C25032408-0038.txt,9.899449350301,9.9,33.039819,60.0,146,146.02,146.001164118567,196.0,744.0,700.0,1.0,25.69780843750233,5.932235887853986,21.186556742335664,0.35310927903892775,10
PIE,C25032408-0038.txt,9.899449350301,9.9,33.039819,60.0,148,148.01,147.94956619135198,35.0,149.0,123.5,0.5,10.273845585475133,1.0593278371167831,3.737913939540649,0.06229856565901082,10
PIE,C25032408-0039.txt,9.949482147023,9.95,33.291539,60.0,99,99.0,98.99443087259999,6.0,18.0,15.75,0.25,3.0740852297878796,0.1802259727313898,0.47309317841989823,0.007884886306998304,10
PIE,C25032408-0039.txt,9.949482147023,9.95,33.291539,60.0,101,101.02,101.000480789232,12.0,50.0,33.25,0.75,4.13210894390798,0.3604519454627796,0.9987522655531185,0.016645871092551976,10
PIE,C25032408-0039.txt,9.949482147023,9.95,33.291539,60.0,127,127.05,127.022820949512,22.0,267.0,214.0,3.0,11.605779493298105,0.6608285666817626,6.428059694086236,0.10713432823477059,10
PIE,C25032408-0039.txt,9.949482147023,9.95,33.291539,60.0,128,128.0,128.018987555847,72.0,138958.0,141972.24999999997,24.75,375.42017226641593,2.1627116727766778,4264.5144761856745,71.07524126976124,10
PIE,C25032408-0039.txt,9.949482147023,9.95,33.291539,60.0,129,129.0,129.046496976672,527.0,12748.0,12552.75,12.25,109.81123591484544,15.829847938240404,377.0552632006589,6.284254386677648,10
PIE,C25032408-0039.txt,9.949482147023,9.95,33.291539,60.0,130,130.0,129.981653971128,143.0,24794.0,24842.749999999996,16.250000000000004,155.49436916439475,4.295385683431457,746.2181306787888,12.436968844646481,10
PIE,C25032408-0039.txt,9.949482147023,9.95,33.291539,60.0,142,142.06,142.042259165928,22.0,2399.0,2359.0000000000005,1.0,48.14285714285715,0.6608285666817626,70.8588449455581,1.1809807490926352,10
PIE,C25032408-0039.txt,9.949482147023,9.95,33.291539,60.0,144,144.02,144.036665463552,112.0,3171.0,3120.0,1.0,55.48475353430714,3.3642181576526093,93.7175058203227,1.5619584303387117,10
PIE,C25032408-0039.txt,9.949482147023,9.95,33.291539,60.0,146,146.02,146.001164118567,236.0,776.0,741.0,1.0,26.481179610493534,7.088888260767999,22.25790763232664,0.370965127205444,10
PIE,C25032408-0039.txt,9.949482147023,9.95,33.291539,60.0,148,148.01,147.94956619135198,37.0,176.0,160.75000000000003,0.25,12.28388357240649,1.1113934985102372,4.828554186095152,0.08047590310158587,10
PIE,C25032408-0040.txt,10.000042672382,10.0,33.656159,60.0,99,99.0,98.99443087259999,10.0,24.0,29.0,0.0,5.385164807134505,0.297122437530676,0.8616550688389605,0.014360917813982675,10
PIE,C25032408-0040.txt,10.000042672382,10.0,33.656159,60.0,101,101.02,101.000480789232,13.0,48.0,48.0,0.0,6.92820323027551,0.3862591687898788,1.426187700147245,0.023769795002454082,10
PIE,C25032408-0040.txt,10.000042672382,10.0,33.656159,60.0,127,127.05,127.022820949512,26.0,257.0,212.0,3.0,11.53127981627293,0.7725183375797576,6.298995675650332,0.10498326126083886,10
PIE,C25032408-0040.txt,10.000042672382,10.0,33.656159,60.0,128,128.0,128.018987555847,62.0,138787.0,141762.00000000003,27.0,375.0159986509984,1.8421591126901913,4212.06709892237,70.20111831537284,10
PIE,C25032408-0040.txt,10.000042672382,10.0,33.656159,60.0,129,129.0,129.046496976672,547.0,12740.0,12566.75,11.250000000000002,110.05167814639267,16.252597332927976,373.3863391838623,6.223105653064371,10
PIE,C25032408-0040.txt,10.000042672382,10.0,33.656159,60.0,130,130.0,129.981653971128,125.0,25164.0,25243.75,15.25,156.9047450838101,3.71403046913345,750.0484532415003,12.500807554025005,10
PIE,C25032408-0040.txt,10.000042672382,10.0,33.656159,60.0,142,142.06,142.042259165928,32.0,2472.0,2438.0,1.0,48.9562180966073,0.9507918000981632,72.43845026997882,1.2073075044996469,10
PIE,C25032408-0040.txt,10.000042672382,10.0,33.656159,60.0,144,144.02,144.036665463552,88.0,3225.0,3151.0,2.0,55.40019082765275,2.614677450269949,93.623280065916,1.5603880010986002,10
PIE,C25032408-0040.txt,10.000042672382,10.0,33.656159,60.0,146,146.02,146.001164118567,210.0,766.0,723.0,1.0,26.14012016714807,6.239571188144196,21.481952233467876,0.3580325372244646,10
PIE,C25032408-0040.txt,10.000042672382,10.0,33.656159,60.0,148,148.01,147.94956619135198,28.0,147.0,116.24999999999999,0.75,9.563772061305576,0.8319428250858928,3.4540483362941083,0.05756747227156847,10
PIE,C25032408-0041.txt,10.049825131049,10.05,34.020819,60.0,99,99.0,98.99443087259999,9.0,19.0,21.0,0.0,4.58257569495584,0.26454389590091876,0.6172690904354771,0.010287818173924618,10
PIE,C25032408-0041.txt,10.049825131049,10.05,34.020819,60.0,101,101.02,101.000480789232,9.0,46.0,38.75,0.25,5.521646374062998,0.26454389590091876,1.1390084406845113,0.018983474011408524,10
PIE,C25032408-0041.txt,10.049825131049,10.05,34.020819,60.0,127,127.05,127.022820949512,33.0,284.0,222.24999999999997,3.749999999999999,11.404936678700205,0.9699942849700355,6.532764540442132,0.10887940900736887,10
PIE,C25032408-0041.txt,10.049825131049,10.05,34.020819,60.0,128,128.0,128.018987555847,75.0,140688.0,143777.0,26.999999999999993,377.69283036475,2.2045324658409897,4226.147524549599,70.43579207582665,10
PIE,C25032408-0041.txt,10.049825131049,10.05,34.020819,60.0,129,129.0,129.046496976672,527.0,12962.0,12801.0,11.0,111.15346684465409,15.490514793309353,376.2696012697401,6.271160021162335,10
PIE,C25032408-0041.txt,10.049825131049,10.05,34.020819,60.0,130,130.0,129.981653971128,163.0,25625.0,25649.749999999996,17.25,157.94034315909659,4.791183892427751,753.9427548760656,12.565712581267759,10
PIE,C25032408-0041.txt,10.049825131049,10.05,34.020819,60.0,142,142.06,142.042259165928,30.0,2437.0,2394.7500000000005,1.25,48.408431746691335,0.8818129863363959,70.39072163430282,1.173178693905047,10
PIE,C25032408-0041.txt,10.049825131049,10.05,34.020819,60.0,144,144.02,144.036665463552,129.0,3315.0,3250.7500000000005,1.25,56.560449127546065,3.7917958412465023,95.55178551110131,1.5925297585183553,10
PIE,C25032408-0041.txt,10.049825131049,10.05,34.020819,60.0,146,146.02,146.001164118567,229.0,854.0,810.0,1.0,27.750142748015033,6.731172462367822,23.808950631082688,0.39681584385137814,10
PIE,C25032408-0041.txt,10.049825131049,10.05,34.020819,60.0,148,148.01,147.94956619135198,45.0,157.0,133.24999999999997,0.75,10.381366083528832,1.3227194795045938,3.9167193476441575,0.06527865579406929,10
PIE,C25032408-0042.txt,10.099630338128,10.1,34.312554,60.0,99,99.0,98.99443087259999,11.0,31.0,25.75,0.25,4.276842212467608,0.32058237343684765,0.7504541923635297,0.012507569872725496,10
PIE,C25032408-0042.txt,10.099630338128,10.1,34.312554,60.0,101,101.02,101.000480789232,11.0,44.0,14.749999999999998,1.25,1.7986467445065921,0.32058237343684765,0.429871818926682,0.0071645303154447,10
PIE,C25032408-0042.txt,10.099630338128,10.1,34.312554,60.0,127,127.05,127.022820949512,16.0,266.0,218.0,3.0,11.753772279174788,0.4663016340899602,6.353359764475708,0.10588932940792846,10
PIE,C25032408-0042.txt,10.099630338128,10.1,34.312554,60.0,128,128.0,128.018987555847,69.0,144683.0,148106.49999999997,22.499999999999996,383.62415380881293,2.0109257970129533,4316.393935584042,71.9398989264007,10
PIE,C25032408-0042.txt,10.099630338128,10.1,34.312554,60.0,129,129.0,129.046496976672,496.0,13306.0,13141.000000000002,11.0,112.6707191355661,14.455350656788767,382.9793608485105,6.382989347475175,10
PIE,C25032408-0042.txt,10.099630338128,10.1,34.312554,60.0,130,130.0,129.981653971128,140.0,26263.0,26242.0,17.999999999999996,159.70964143756683,4.080139298287152,764.792967611796,12.7465494601966,10
PIE,C25032408-0042.txt,10.099630338128,10.1,34.312554,60.0,142,142.06,142.042259165928,22.0,2679.0,2624.2499999999995,1.75,50.52477117301047,0.6411647468736953,76.48075395378612,1.274679232563102,10
PIE,C25032408-0042.txt,10.099630338128,10.1,34.312554,60.0,144,144.02,144.036665463552,114.0,3673.0,3609.5000000000005,1.5,59.56157095975568,3.3223991428909665,105.19473426548197,1.7532455710913661,10
PIE,C25032408-0042.txt,10.099630338128,10.1,34.312554,60.0,146,146.02,146.001164118567,263.0,883.0,831.5000000000002,1.5,27.801746630510454,7.664833110353721,24.233113046612626,0.4038852174435438,10
PIE,C25032408-0042.txt,10.099630338128,10.1,34.312554,60.0,148,148.01,147.94956619135198,43.0,161.0,128.0,1.0,9.81715185724634,1.2531856416167682,3.730413072719682,0.0621735512119947,10
PIE,C25032408-0043.txt,10.149691605383,10.15,34.593577,60.0,99,99.0,98.99443087259999,16.0,23.0,21.750000000000004,0.25,3.8299614425164643,0.46251360476541636,0.628729431477988,0.010478823857966467,10
PIE,C25032408-0043.txt,10.149691605383,10.15,34.593577,60.0,101,101.02,101.000480789232,6.0,53.0,53.0,0.0,7.280109889280518,0.17344260178703114,1.5320763157854418,0.025534605263090697,10
PIE,C25032408-0043.txt,10.149691605383,10.15,34.593577,60.0,127,127.05,127.022820949512,26.0,271.0,209.25,3.749999999999999,10.926483277332004,0.7515846077438016,6.048810737322711,0.10081351228871185,10
PIE,C25032408-0043.txt,10.149691605383,10.15,34.593577,60.0,128,128.0,128.018987555847,102.0,153297.0,156926.25000000003,26.75,394.72868710492617,2.9485242303795296,4536.282848113683,75.60471413522805,10
PIE,C25032408-0043.txt,10.149691605383,10.15,34.593577,60.0,129,129.0,129.046496976672,540.0,13882.0,13721.999999999998,12.000000000000002,115.04718926190473,15.609834160832802,396.6632302869402,6.611053838115669,10
PIE,C25032408-0043.txt,10.149691605383,10.15,34.593577,60.0,130,130.0,129.981653971128,173.0,27886.0,27916.499999999996,18.5,164.80455278588485,5.000928351526064,806.9850654646091,13.449751091076818,10
PIE,C25032408-0043.txt,10.149691605383,10.15,34.593577,60.0,142,142.06,142.042259165928,29.0,2789.0,2727.4999999999995,1.5,51.6325703964859,0.8383059086373171,78.84411606235456,1.3140686010392426,10
PIE,C25032408-0043.txt,10.149691605383,10.15,34.593577,60.0,144,144.02,144.036665463552,122.0,3773.0,3720.4999999999995,1.5,60.48594075218761,3.5266662363363,107.54886665810821,1.7924811109684702,10
PIE,C25032408-0043.txt,10.149691605383,10.15,34.593577,60.0,146,146.02,146.001164118567,267.0,959.0,917.0,1.0,29.61147439859073,7.718195779522886,26.507810973117927,0.44179684955196546,10
PIE,C25032408-0043.txt,10.149691605383,10.15,34.593577,60.0,148,148.01,147.94956619135198,49.0,175.0,144.25,0.75,10.880983581388003,1.4164479145940876,4.169849217963207,0.06949748696605344,10
PIE,C25032408-0044.txt,10.199685958938,10.2,34.870767,60.0,99,99.0,98.99443087259999,11.0,18.0,13.750000000000004,0.25,2.7922019541174534,0.3154504746052761,0.39431309325659525,0.0065718848876099205,10
PIE,C25032408-0044.txt,10.199685958938,10.2,34.870767,60.0,101,101.02,101.000480789232,12.0,55.0,54.0,0.0,7.348469228349534,0.344127790478483,1.5485750571531736,0.025809584285886224,10
PIE,C25032408-0044.txt,10.199685958938,10.2,34.870767,60.0,127,127.05,127.022820949512,36.0,307.0,270.49999999999994,2.5,13.959256864069467,1.0323833714354491,7.75721394370247,0.12928689906170784,10
PIE,C25032408-0044.txt,10.199685958938,10.2,34.870767,60.0,128,128.0,128.018987555847,82.0,163072.0,166837.0,29.0,406.9739888617068,2.351539901602967,4784.437348338222,79.74062247230371,10
PIE,C25032408-0044.txt,10.199685958938,10.2,34.870767,60.0,129,129.0,129.046496976672,608.0,14896.0,14716.75,12.249999999999996,119.24608763945412,17.435808050909806,422.03688837701793,7.033948139616966,10
PIE,C25032408-0044.txt,10.199685958938,10.2,34.870767,60.0,130,130.0,129.981653971128,180.0,29348.0,29345.5,19.499999999999996,168.96371435425618,5.161916857177245,841.5501729571936,14.025836215953227,10
PIE,C25032408-0044.txt,10.199685958938,10.2,34.870767,60.0,142,142.06,142.042259165928,22.0,3001.0,2960.0,1.0,54.02395402283286,0.6309009492105522,84.88485498469248,1.414747583078208,10
PIE,C25032408-0044.txt,10.199685958938,10.2,34.870767,60.0,144,144.02,144.036665463552,122.0,4095.0,4031.7500000000005,1.25,63.08664556388617,3.498632536531244,115.619768271802,1.9269961378633667,10
PIE,C25032408-0044.txt,10.199685958938,10.2,34.870767,60.0,146,146.02,146.001164118567,235.0,995.0,940.5000000000002,1.5,29.68931048291073,6.7391692302036255,26.971015578751114,0.44951692631251855,10
PIE,C25032408-0044.txt,10.199685958938,10.2,34.870767,60.0,148,148.01,147.94956619135198,49.0,174.0,133.75000000000003,1.25,9.800441710357795,1.405188477787139,3.8355909980414262,0.06392651663402377,10
PIE,C25032408-0045.txt,10.249420454674,10.25,35.612388,60.0,99,99.0,98.99443087259999,10.0,30.0,33.0,0.0,5.744562646538029,0.2808011639095923,0.9266438409016547,0.015444064015027579,10
PIE,C25032408-0045.txt,10.249420454674,10.25,35.612388,60.0,101,101.02,101.000480789232,16.0,47.0,36.49999999999999,0.5,4.813477455789244,0.4492818622553477,1.0249242482700118,0.017082070804500197,10
PIE,C25032408-0045.txt,10.249420454674,10.25,35.612388,60.0,127,127.05,127.022820949512,37.0,317.0,267.50000000000006,3.500000000000001,13.138975987037092,1.0389643064654916,7.5114311345815965,0.12519051890969327,10
PIE,C25032408-0045.txt,10.249420454674,10.25,35.612388,60.0,128,128.0,128.018987555847,96.0,179059.0,183053.25,32.74999999999999,426.2487638757416,2.6956911735320865,5140.156565743358,85.66927609572264,10
PIE,C25032408-0045.txt,10.249420454674,10.25,35.612388,60.0,129,129.0,129.046496976672,621.0,16306.0,16096.750000000002,14.25,124.57810938962534,17.437752278785684,451.9986135161731,7.533310225269552,10
PIE,C25032408-0045.txt,10.249420454674,10.25,35.612388,60.0,130,130.0,129.981653971128,197.0,31501.0,31561.249999999996,20.75,175.2517277092386,5.531782929018969,886.243573444162,14.770726224069367,10
PIE,C25032408-0045.txt,10.249420454674,10.25,35.612388,60.0,142,142.06,142.042259165928,33.0,3170.0,3115.5000000000005,1.5,55.2607338190331,0.9266438409016547,87.48360261603351,1.4580600436005584,10
PIE,C25032408-0045.txt,10.249420454674,10.25,35.612388,60.0,144,144.02,144.036665463552,143.0,4287.0,4203.500000000001,2.5,64.039510422919,4.015456643907171,118.03476924939716,1.9672461541566193,10
PIE,C25032408-0045.txt,10.249420454674,10.25,35.612388,60.0,146,146.02,146.001164118567,271.0,1092.0,1027.5000000000002,1.5,31.114941987019215,7.609711541949952,28.852319591710618,0.480871993195177,10
PIE,C25032408-0045.txt,10.249420454674,10.25,35.612388,60.0,148,148.01,147.94956619135198,60.0,192.0,146.50000000000003,1.5,10.12151705025329,1.684806983457554,4.113737051275528,0.06856228418792547,10
PIE,C25032408-0046.txt,10.299436358234,10.3,35.75966,60.0,99,99.0,98.99443087259999,19.0,24.0,8.0,1.0,1.131370849898476,0.5313249622619455,0.22371577358397704,0.003728596226399617,10
PIE,C25032408-0046.txt,10.299436358234,10.3,35.75966,60.0,101,101.02,101.000480789232,16.0,55.0,42.49999999999999,0.5,5.333374343674347,0.4474315471679541,1.1884900471648778,0.019808167452747962,10
PIE,C25032408-0046.txt,10.299436358234,10.3,35.75966,60.0,127,127.05,127.022820949512,43.0,333.0,250.0,5.0,11.656310103003923,1.2024722830138765,6.9911179244992825,0.11651863207498804,10
PIE,C25032408-0046.txt,10.299436358234,10.3,35.75966,60.0,128,128.0,128.018987555847,103.0,194085.0,198591.99999999997,36.0,443.94979984128247,2.8803405848937045,5553.520363448645,92.55867272414409,10
PIE,C25032408-0046.txt,10.299436358234,10.3,35.75966,60.0,129,129.0,129.046496976672,753.0,17148.0,16927.499999999996,15.500000000000004,127.67383856402812,21.05724718859184,473.3685946678463,7.8894765777974385,10
PIE,C25032408-0046.txt,10.299436358234,10.3,35.75966,60.0,130,130.0,129.981653971128,195.0,36084.0,36146.25000000001,22.75,187.65755372844893,5.45307198110944,1010.810785113729,16.84684641856215,10
PIE,C25032408-0046.txt,10.299436358234,10.3,35.75966,60.0,142,142.06,142.042259165928,29.0,3560.0,3512.7500000000005,1.2499999999999996,58.830460540788515,0.8109696792419168,98.23219795713943,1.6372032992856573,10
PIE,C25032408-0046.txt,10.299436358234,10.3,35.75966,60.0,144,144.02,144.036665463552,155.0,4734.0,4656.75,2.25,67.55834188322748,4.334493113189556,130.22355357964815,2.1703925596608027,10
PIE,C25032408-0046.txt,10.299436358234,10.3,35.75966,60.0,146,146.02,146.001164118567,337.0,1243.0,1182.7499999999998,1.25,33.652359942362814,9.424026962225033,33.0749789008061,0.5512496483467684,10
PIE,C25032408-0046.txt,10.299436358234,10.3,35.75966,60.0,148,148.01,147.94956619135198,59.0,215.0,169.49999999999997,1.5,11.116247916538,1.6499038301818307,4.739977952810513,0.07899963254684188,10
PIE,C25032408-0047.txt,10.350026002527,10.35,36.067605,60.0,99,99.0,98.99443087259999,16.0,35.0,42.0,0.0,6.48074069840786,0.4436113792418432,1.1644798705098385,0.01940799784183064,10
PIE,C25032408-0047.txt,10.350026002527,10.35,36.067605,60.0,101,101.02,101.000480789232,13.0,68.0,49.24999999999999,0.7500000000000001,5.480686608135373,0.3604342456339976,1.3654912767287983,0.02275818794547997,10
PIE,C25032408-0047.txt,10.350026002527,10.35,36.067605,60.0,127,127.05,127.022820949512,36.0,285.0,239.0,3.0,12.509831749906109,0.9981256032941472,6.626444977425033,0.11044074962375054,10
PIE,C25032408-0047.txt,10.350026002527,10.35,36.067605,60.0,128,128.0,128.018987555847,75.0,174415.0,178415.5,30.499999999999993,420.8843449777019,2.0794283401961398,4946.696627070192,82.44494378450321,10
PIE,C25032408-0047.txt,10.350026002527,10.35,36.067605,60.0,129,129.0,129.046496976672,635.0,15866.0,15665.5,13.5,122.9565177906842,17.605826613660653,434.3371288445684,7.238952147409473,10
PIE,C25032408-0047.txt,10.350026002527,10.35,36.067605,60.0,130,130.0,129.981653971128,180.0,31988.0,32031.499999999996,21.5,176.50285693302112,4.990628016470736,888.0961183865687,14.801601973109479,10
PIE,C25032408-0047.txt,10.350026002527,10.35,36.067605,60.0,142,142.06,142.042259165928,35.0,3397.0,3348.2499999999995,0.75,57.59378079969882,0.970399892091532,92.83261253415633,1.5472102089026054,10
PIE,C25032408-0047.txt,10.350026002527,10.35,36.067605,60.0,144,144.02,144.036665463552,141.0,4274.0,4191.75,2.25,64.0260373954763,3.909325279568743,116.21924993356227,1.9369874988927045,10
PIE,C25032408-0047.txt,10.350026002527,10.35,36.067605,60.0,146,146.02,146.001164118567,304.0,1170.0,1120.7499999999998,1.25,32.72001289049607,8.42861620559502,31.07359083033098,0.5178931805055164,10
PIE,C25032408-0047.txt,10.350026002527,10.35,36.067605,60.0,148,148.01,147.94956619135198,54.0,234.0,190.75,1.25,12.23032850138534,1.4971884049412207,5.288679411898849,0.08814465686498082,10
PIE,C25032408-0048.txt,10.400169849082,10.4,36.263519,60.0,99,99.0,98.99443087259999,14.0,36.0,22.250000000000004,0.75,3.0348748106436076,0.38606291904544615,0.6135642820543699,0.010226071367572831,10
PIE,C25032408-0048.txt,10.400169849082,10.4,36.263519,60.0,101,101.02,101.000480789232,11.0,65.0,48.25,0.75,5.402962730723995,0.30333515067856487,1.3305382745673413,0.02217563790945569,10
PIE,C25032408-0048.txt,10.400169849082,10.4,36.263519,60.0,127,127.05,127.022820949512,42.0,302.0,228.75,4.249999999999999,11.335235730269286,1.1581887571363385,6.307992337974701,0.10513320563291169,10
PIE,C25032408-0048.txt,10.400169849082,10.4,36.263519,60.0,128,128.0,128.018987555847,86.0,179839.0,183800.00000000003,31.000000000000007,427.2085652412302,2.371529359850598,5068.454608610929,84.47424347684883,10
PIE,C25032408-0048.txt,10.400169849082,10.4,36.263519,60.0,129,129.0,129.046496976672,626.0,15828.0,15660.25,11.749999999999996,123.21455480072619,17.262527665889237,431.84584485581775,7.197430747596963,10
PIE,C25032408-0048.txt,10.400169849082,10.4,36.263519,60.0,130,130.0,129.981653971128,184.0,32843.0,32859.0,22.999999999999996,178.66333636348605,5.073969793168721,906.1172469224512,15.101954115374186,10
PIE,C25032408-0048.txt,10.400169849082,10.4,36.263519,60.0,142,142.06,142.042259165928,51.0,3371.0,3311.4999999999995,1.5,57.00593104448024,1.4063720622369824,91.31766831564249,1.5219611385940415,10
PIE,C25032408-0048.txt,10.400169849082,10.4,36.263519,60.0,144,144.02,144.036665463552,136.0,4247.0,4175.25,1.75,64.05483191465872,3.75032549929862,115.13637162460708,1.9189395270767846,10
PIE,C25032408-0048.txt,10.400169849082,10.4,36.263519,60.0,146,146.02,146.001164118567,292.0,1225.0,1164.7500000000002,1.25,33.38434251746581,8.052169454376449,32.11905606844168,0.5353176011406947,10
PIE,C25032408-0048.txt,10.400169849082,10.4,36.263519,60.0,148,148.01,147.94956619135198,63.0,269.0,233.0,1.0,14.050428657323783,1.7372831357045078,6.425190009827783,0.10708650016379638,10
PIE,C25032408-0049.txt,10.449550798537,10.45,36.399063,60.0,99,99.0,98.99443087259999,21.0,23.0,10.0,1.0,1.386750490563073,0.5769379283197482,0.2747323468189277,0.004578872446982129,10
PIE,C25032408-0049.txt,10.449550798537,10.45,36.399063,60.0,101,101.02,101.000480789232,21.0,65.0,48.25,0.75,5.402962730723995,0.5769379283197482,1.3255835734013264,0.022093059556688773,10
PIE,C25032408-0049.txt,10.449550798537,10.45,36.399063,60.0,127,127.05,127.022820949512,53.0,336.0,268.99999999999994,4.0,12.86801509001988,1.456081438140317,7.390300129429154,0.12317166882381923,10
PIE,C25032408-0049.txt,10.449550798537,10.45,36.399063,60.0,128,128.0,128.018987555847,84.0,194981.0,199465.74999999997,38.25000000000001,444.82815265838923,2.307751713278993,5479.969360749753,91.33282267916255,10
PIE,C25032408-0049.txt,10.449550798537,10.45,36.399063,60.0,129,129.0,129.046496976672,728.0,17334.0,17106.750000000004,15.25,128.41092518967167,20.00051484841794,469.97775739446934,7.832962623241156,10
PIE,C25032408-0049.txt,10.449550798537,10.45,36.399063,60.0,130,130.0,129.981653971128,212.0,36316.0,36365.00000000001,24.000000000000004,188.10685025721875,5.824325752561268,999.064179207031,16.651069653450516,10
PIE,C25032408-0049.txt,10.449550798537,10.45,36.399063,60.0,142,142.06,142.042259165928,37.0,3626.0,3546.0,2.0,58.85527845191876,1.0165096832300327,97.42009018199178,1.623668169699863,10
PIE,C25032408-0049.txt,10.449550798537,10.45,36.399063,60.0,144,144.02,144.036665463552,145.0,4552.0,4478.25,1.75,66.3772314217087,3.983619028874452,123.03201321418632,2.050533553569772,10
PIE,C25032408-0049.txt,10.449550798537,10.45,36.399063,60.0,146,146.02,146.001164118567,318.0,1328.0,1265.2499999999998,1.75,34.58012860180897,8.736488628841903,34.76051018126483,0.5793418363544138,10
PIE,C25032408-0049.txt,10.449550798537,10.45,36.399063,60.0,148,148.01,147.94956619135198,64.0,291.0,254.0,1.0,14.763450120465048,1.7582870196411375,6.978201609200765,0.11630336015334608,10
PIE,C25032408-0050.txt,10.499938091892,10.5,36.521821,60.0,99,99.0,98.99443087259999,12.0,38.0,29.25,0.75,3.7527767497325675,0.3285706920254606,0.8008910618120602,0.013348184363534335,10
PIE,C25032408-0050.txt,10.499938091892,10.5,36.521821,60.0,101,101.02,101.000480789232,16.0,57.0,50.75,0.25,6.484597134749389,0.43809425603394747,1.389580218357677,0.023159670305961284,10
PIE,C25032408-0050.txt,10.499938091892,10.5,36.521821,60.0,127,127.05,127.022820949512,42.0,369.0,296.50000000000006,4.5,13.456436941465201,1.149997422089112,8.118434182129091,0.1353072363688182,10
PIE,C25032408-0050.txt,10.499938091892,10.5,36.521821,60.0,128,128.0,128.018987555847,98.0,201207.0,205785.0,37.0,451.9321267474705,2.6833273182079282,5634.576654871617,93.90961091452695,10
PIE,C25032408-0050.txt,10.499938091892,10.5,36.521821,60.0,129,129.0,129.046496976672,727.0,17907.0,17648.0,17.000000000000004,130.2373358231224,19.905907758542487,483.21796440544404,8.053632740090734,10
PIE,C25032408-0050.txt,10.499938091892,10.5,36.521821,60.0,130,130.0,129.981653971128,221.0,39220.0,39274.49999999999,24.5,195.63172464751983,6.051176911468899,1075.370803662829,17.922846727713818,10
PIE,C25032408-0050.txt,10.499938091892,10.5,36.521821,60.0,142,142.06,142.042259165928,42.0,3890.0,3816.0,2.0,61.10490349202125,1.149997422089112,104.48548006409646,1.741424667734941,10
PIE,C25032408-0050.txt,10.499938091892,10.5,36.521821,60.0,144,144.02,144.036665463552,160.0,4897.0,4807.75,2.25,68.66637942633827,4.3809425603394745,131.64047871545068,2.194007978590845,10
PIE,C25032408-0050.txt,10.499938091892,10.5,36.521821,60.0,146,146.02,146.001164118567,347.0,1428.0,1354.5000000000002,1.5,35.97638114096526,9.501169177736235,37.08741686237387,0.6181236143728979,10
PIE,C25032408-0050.txt,10.499938091892,10.5,36.521821,60.0,148,148.01,147.94956619135198,68.0,297.0,261.0,1.0,14.994058229119219,1.8619005881442767,7.146412551553768,0.11910687585922947,10
PIE,C25032408-0051.txt,10.549365590316,10.55,36.499207,60.0,99,99.0,98.99443087259999,18.0,45.0,35.25,0.75,4.314529932602837,0.49316139936958087,0.9657744070987625,0.016096240118312708,10
PIE,C25032408-0051.txt,10.549365590316,10.55,36.499207,60.0,101,101.02,101.000480789232,21.0,77.0,42.49999999999999,1.5,4.137735259845501,0.5753549659311776,1.1644088596226212,0.019406814327043685,10
PIE,C25032408-0051.txt,10.549365590316,10.55,36.499207,60.0,127,127.05,127.022820949512,38.0,378.0,303.5,4.5,13.675889339950754,1.0411185097802262,8.315249150481543,0.13858748584135905,10
PIE,C25032408-0051.txt,10.549365590316,10.55,36.499207,60.0,128,128.0,128.018987555847,100.0,220882.0,226269.75000000006,39.25000000000001,473.95482207059507,2.739785552053227,6199.305919166958,103.3217653194493,10
PIE,C25032408-0051.txt,10.549365590316,10.55,36.499207,60.0,129,129.0,129.046496976672,784.0,19354.0,19110.75,16.250000000000007,135.8373424025843,21.4799187280973,523.593567389012,8.726559456483534,10
PIE,C25032408-0051.txt,10.549365590316,10.55,36.499207,60.0,130,130.0,129.981653971128,248.0,43557.0,43629.25000000001,26.75,206.23761786085612,6.794668169092002,1195.3478879691827,19.922464799486377,10
PIE,C25032408-0051.txt,10.549365590316,10.55,36.499207,60.0,142,142.06,142.042259165928,46.0,4188.0,4099.0,1.9999999999999996,63.377336861339224,1.2603013539444843,112.30380977866177,1.8717301629776961,10
PIE,C25032408-0051.txt,10.549365590316,10.55,36.499207,60.0,144,144.02,144.036665463552,156.0,5138.0,5044.499999999999,2.5,70.29680636104037,4.274065461203034,138.208482173325,2.30347470288875,10
PIE,C25032408-0051.txt,10.549365590316,10.55,36.499207,60.0,146,146.02,146.001164118567,351.0,1468.0,1409.2499999999998,1.7499999999999996,36.59772396050783,9.616647287706826,38.61042789231009,0.6435071315385016,10
PIE,C25032408-0051.txt,10.549365590316,10.55,36.499207,60.0,148,148.01,147.94956619135198,84.0,315.0,285.2499999999999,0.75,16.02755741481161,2.3014198637247105,7.815238287231827,0.13025397145386378,10
PIE,C25032408-0052.txt,10.599478795775,10.6,36.575619,60.0,99,99.0,98.99443087259999,15.0,47.0,45.75,0.25,6.1,0.41010925884808674,1.2508332394866646,0.020847220658111076,10
PIE,C25032408-0052.txt,10.599478795775,10.6,36.575619,60.0,101,101.02,101.000480789232,11.0,78.0,61.25000000000001,0.75,6.359883112726772,0.30074678982193026,1.674612806963021,0.027910213449383683,10
PIE,C25032408-0052.txt,10.599478795775,10.6,36.575619,60.0,127,127.05,127.022820949512,45.0,384.0,295.00000000000006,5.0,13.127327704954554,1.2303277765442602,8.06548209067904,0.13442470151131733,10
PIE,C25032408-0052.txt,10.599478795775,10.6,36.575619,60.0,128,128.0,128.018987555847,115.0,220504.0,225861.25,38.74999999999999,473.545555844832,3.144170984501998,6175.185989333495,102.91976648889158,10
PIE,C25032408-0052.txt,10.599478795775,10.6,36.575619,60.0,129,129.0,129.046496976672,736.0,19344.0,19126.749999999996,16.25,135.89615367196294,20.12269430081279,522.9371511115094,8.715619185191823,10
PIE,C25032408-0052.txt,10.599478795775,10.6,36.575619,60.0,130,130.0,129.981653971128,205.0,43209.0,43272.0,27.0,205.34594970338847,5.604826537590519,1183.0831899249606,19.71805316541601,10
PIE,C25032408-0052.txt,10.599478795775,10.6,36.575619,60.0,142,142.06,142.042259165928,46.0,4320.0,4247.5,1.5,64.6948280378896,1.2576683938007993,116.12927179714988,1.9354878632858314,10
PIE,C25032408-0052.txt,10.599478795775,10.6,36.575619,60.0,144,144.02,144.036665463552,157.0,4996.0,4919.0,2.0,69.5443049701967,4.292476909276641,134.4884962849159,2.2414749380819314,10
PIE,C25032408-0052.txt,10.599478795775,10.6,36.575619,60.0,146,146.02,146.001164118567,345.0,1438.0,1376.4999999999998,1.5,36.28025919647857,9.432512953505995,37.634359653626085,0.6272393275604348,10
PIE,C25032408-0052.txt,10.599478795775,10.6,36.575619,60.0,148,148.01,147.94956619135198,63.0,295.0,255.0,1.0,14.796600756234316,1.7224588871619642,6.971857400417474,0.11619762334029124,10
PIE,C25032408-0053.txt,10.649784070789,10.65,36.940999,60.0,99,99.0,98.99443087259999,12.0,58.0,44.0,1.0,4.74464202095129,0.3248423249192584,1.1910885247039475,0.019851475411732458,10
PIE,C25032408-0053.txt,10.649784070789,10.65,36.940999,60.0,101,101.02,101.000480789232,24.0,69.0,46.0,1.0,4.90361647617904,0.6496846498385168,1.2452289121904907,0.020753815203174843,10
PIE,C25032408-0053.txt,10.649784070789,10.65,36.940999,60.0,127,127.05,127.022820949512,49.0,426.0,318.0,6.0,13.319554283675917,1.3264394934203052,8.608321610360349,0.14347202683933916,10
PIE,C25032408-0053.txt,10.649784070789,10.65,36.940999,60.0,128,128.0,128.018987555847,131.0,234271.0,240424.75,43.24999999999999,488.48937698795726,3.5461953803685713,6508.344563177623,108.47240938629372,10
PIE,C25032408-0053.txt,10.649784070789,10.65,36.940999,60.0,129,129.0,129.046496976672,835.0,20281.0,20010.249999999993,17.75,138.8939404307745,22.603611775631734,541.681344351299,9.028022405854983,10
PIE,C25032408-0053.txt,10.649784070789,10.65,36.940999,60.0,130,130.0,129.981653971128,216.0,46536.0,46585.24999999999,28.75,213.0921347588223,5.847161848546651,1261.0717430787402,21.01786238464567,10
PIE,C25032408-0053.txt,10.649784070789,10.65,36.940999,60.0,142,142.06,142.042259165928,37.0,4587.0,4503.499999999999,1.5,66.6435980106762,1.0015971685010467,121.91061752282333,2.0318436253803887,10
PIE,C25032408-0053.txt,10.649784070789,10.65,36.940999,60.0,144,144.02,144.036665463552,189.0,5372.0,5274.0,2.0,72.05079395325572,5.1162666174783205,142.7682018020141,2.379470030033568,10
PIE,C25032408-0053.txt,10.649784070789,10.65,36.940999,60.0,146,146.02,146.001164118567,351.0,1533.0,1451.0,2.0,37.03507449258081,9.501638003888308,39.278851121487,0.65464751869145,10
PIE,C25032408-0053.txt,10.649784070789,10.65,36.940999,60.0,148,148.01,147.94956619135198,88.0,368.0,313.5,1.5,16.156789058142795,2.382177049407895,8.486505738515627,0.1414417623085938,10
PIE,C25032408-0054.txt,10.699679832385,10.7,37.22823,60.0,99,99.0,98.99443087259999,20.0,42.0,27.0,1.0,3.2504180333157686,0.5372267228390928,0.7252560758327752,0.012087601263879586,10
PIE,C25032408-0054.txt,10.699679832385,10.7,37.22823,60.0,101,101.02,101.000480789232,19.0,80.0,53.75,1.2500000000000004,5.214515938281159,0.5103653866971382,1.4437968176300617,0.024063280293834362,10
PIE,C25032408-0054.txt,10.699679832385,10.7,37.22823,60.0,127,127.05,127.022820949512,51.0,450.0,341.00000000000006,6.000000000000002,14.003191638121752,1.3699281432396866,9.159715624406534,0.15266192707344223,10
PIE,C25032408-0054.txt,10.699679832385,10.7,37.22823,60.0,128,128.0,128.018987555847,161.0,264938.0,271974.0,49.0,519.5492813273811,4.324675118854697,7305.585035871971,121.75975059786619,10
PIE,C25032408-0054.txt,10.699679832385,10.7,37.22823,60.0,129,129.0,129.046496976672,914.0,22523.0,22266.5,19.499999999999993,146.5488161365866,24.55126123374654,598.107941204833,9.968465686747216,10
PIE,C25032408-0054.txt,10.699679832385,10.7,37.22823,60.0,130,130.0,129.981653971128,294.0,54218.0,54267.25,33.75,229.96920141638094,7.897232825734664,1457.6908437494878,24.294847395824796,10
PIE,C25032408-0054.txt,10.699679832385,10.7,37.22823,60.0,142,142.06,142.042259165928,64.0,5078.0,5001.500000000001,1.5,70.28003763796602,1.7191255130850969,134.34697271398613,2.239116211899769,10
PIE,C25032408-0054.txt,10.699679832385,10.7,37.22823,60.0,144,144.02,144.036665463552,201.0,6225.0,6109.000000000001,3.0,77.3663122492634,5.399128564532882,164.09590249120092,2.7349317081866817,10
PIE,C25032408-0054.txt,10.699679832385,10.7,37.22823,60.0,146,146.02,146.001164118567,428.0,1670.0,1584.0,2.0,38.784406864451825,11.496651868756585,42.54835644885615,0.7091392741476025,10
PIE,C25032408-0054.txt,10.699679832385,10.7,37.22823,60.0,148,148.01,147.94956619135198,76.0,377.0,314.2499999999999,1.75,15.958768804040373,2.0414615467885526,8.441174882609243,0.14068624804348737,10
PIE,C25032408-0055.txt,10.749865813981,10.75,37.18171,60.0,99,99.0,98.99443087259999,20.0,65.0,49.0,1.0,5.136595699937399,0.5378988755492956,1.3178522450957741,0.021964204084929568,10
PIE,C25032408-0055.txt,10.749865813981,10.75,37.18171,60.0,101,101.02,101.000480789232,17.0,81.0,56.0,1.0,5.656854249492381,0.45721404421690126,1.5061168515380277,0.025101947525633793,10
PIE,C25032408-0055.txt,10.749865813981,10.75,37.18171,60.0,127,127.05,127.022820949512,44.0,447.0,367.00000000000006,5.0,15.27840990937055,1.1833775262084503,9.870444366329576,0.16450740610549291,10
PIE,C25032408-0055.txt,10.749865813981,10.75,37.18171,60.0,128,128.0,128.018987555847,121.0,247528.0,253927.49999999997,44.499999999999986,502.0678798883889,3.254288197073238,6829.365836052187,113.82276393420311,10
PIE,C25032408-0055.txt,10.749865813981,10.75,37.18171,60.0,129,129.0,129.046496976672,878.0,21388.0,21076.999999999996,20.000000000000004,142.36992023303463,23.613760636614074,566.8647299976251,9.447745499960417,10
PIE,C25032408-0055.txt,10.749865813981,10.75,37.18171,60.0,130,130.0,129.981653971128,256.0,49802.0,49842.50000000001,33.49999999999999,220.16840753027296,6.885105607030983,1340.5112352282883,22.341853920471472,10
PIE,C25032408-0055.txt,10.749865813981,10.75,37.18171,60.0,142,142.06,142.042259165928,52.0,4953.0,4856.0,2.0,69.09000173745092,1.3985370764281684,130.60184698336897,2.176697449722816,10
PIE,C25032408-0055.txt,10.749865813981,10.75,37.18171,60.0,144,144.02,144.036665463552,213.0,5892.0,5785.75,2.25,75.45043860329801,5.728623024599998,155.60742096046684,2.593457016007781,10
PIE,C25032408-0055.txt,10.749865813981,10.75,37.18171,60.0,146,146.02,146.001164118567,398.0,1682.0,1607.4999999999998,1.5,39.3303436973121,10.704187623430983,43.233622122274625,0.7205603687045771,10
PIE,C25032408-0055.txt,10.749865813981,10.75,37.18171,60.0,148,148.01,147.94956619135198,68.0,370.0,332.0,1.0,17.167311307834638,1.828856176867605,8.929121334118307,0.14881868890197178,10
PIE,C25032408-0056.txt,10.799981194254,10.8,37.142381,60.0,99,99.0,98.99443087259999,26.0,59.0,55.5,0.5,6.345447650272828,0.7000089735765728,1.4942499243653766,0.02490416540608961,10
PIE,C25032408-0056.txt,10.799981194254,10.8,37.142381,60.0,101,101.02,101.000480789232,21.0,91.0,60.75,1.2500000000000004,5.708567976679515,0.5653918632733858,1.635597890183723,0.02725996483639538,10
PIE,C25032408-0056.txt,10.799981194254,10.8,37.142381,60.0,127,127.05,127.022820949512,44.0,391.0,297.74999999999994,5.249999999999999,13.079228126828905,1.1846305706680462,8.016448918554788,0.13360748197591313,10
PIE,C25032408-0056.txt,10.799981194254,10.8,37.142381,60.0,128,128.0,128.018987555847,151.0,223117.0,228826.50000000003,44.500000000000014,476.4164584361325,4.065436731156249,6160.792438158448,102.67987396930747,10
PIE,C25032408-0056.txt,10.799981194254,10.8,37.142381,60.0,129,129.0,129.046496976672,813.0,19501.0,19238.250000000004,17.75,136.0902682377623,21.88874213529822,517.9595244580579,8.632658740967631,10
PIE,C25032408-0056.txt,10.799981194254,10.8,37.142381,60.0,130,130.0,129.981653971128,240.0,44827.0,44845.49999999999,30.499999999999993,208.80631032927556,6.461621294552979,1207.394324020315,20.12323873367192,10
PIE,C25032408-0056.txt,10.799981194254,10.8,37.142381,60.0,142,142.06,142.042259165928,49.0,4705.0,4618.0,2.0,67.34612563486019,1.3192476809712335,124.33236307602358,2.07220605126706,10
PIE,C25032408-0056.txt,10.799981194254,10.8,37.142381,60.0,144,144.02,144.036665463552,177.0,5420.0,5309.0,3.0,72.0133395084363,4.765445704732823,142.93644771992405,2.382274128665401,10
PIE,C25032408-0056.txt,10.799981194254,10.8,37.142381,60.0,146,146.02,146.001164118567,389.0,1596.0,1505.0,2.0,37.755006669769784,10.473211181587954,40.51975020125931,0.6753291700209886,10
PIE,C25032408-0056.txt,10.799981194254,10.8,37.142381,60.0,148,148.01,147.94956619135198,78.0,394.0,340.5,1.5,16.951000891592386,2.1000269207297184,9.16742521164704,0.15279042019411732,10
PIE,C25032408-0057.txt,10.849857364987,10.85,37.014774,60.0,99,99.0,98.99443087259999,19.0,59.0,45.0,1.0,4.824506406770077,0.5133085507965008,1.2157307782022388,0.02026217963670398,10
PIE,C25032408-0057.txt,10.849857364987,10.85,37.014774,60.0,101,101.02,101.000480789232,21.0,100.0,73.0,1.0,6.8072851001542904,0.5673410298277115,1.9721854846391875,0.032869758077319795,10
PIE,C25032408-0057.txt,10.849857364987,10.85,37.014774,60.0,127,127.05,127.022820949512,58.0,433.0,354.00000000000006,5.000000000000001,14.906089002877389,1.566941891905108,9.563748788524281,0.15939581314207135,10
PIE,C25032408-0057.txt,10.849857364987,10.85,37.014774,60.0,128,128.0,128.018987555847,119.0,251477.0,258220.24999999997,46.75000000000001,506.2327209187654,3.2149325023570317,6976.140121779481,116.26900202965801,10
PIE,C25032408-0057.txt,10.849857364987,10.85,37.014774,60.0,129,129.0,129.046496976672,942.0,21560.0,21236.75,21.249999999999993,142.7593976870121,25.4492976237002,573.737124533031,9.562285408883849,10
PIE,C25032408-0057.txt,10.849857364987,10.85,37.014774,60.0,130,130.0,129.981653971128,295.0,52117.0,52198.25,30.75,225.6943353868676,7.969790657103566,1410.2004242954447,23.503340404924078,10
PIE,C25032408-0057.txt,10.849857364987,10.85,37.014774,60.0,142,142.06,142.042259165928,59.0,5345.0,5227.499999999999,2.5,71.58608461529741,1.5939581314207132,141.2273920678267,2.353789867797112,10
PIE,C25032408-0057.txt,10.849857364987,10.85,37.014774,60.0,144,144.02,144.036665463552,208.0,6175.0,6076.500000000001,2.5,77.2870205641452,5.619377819245904,164.16417941657568,2.736069656942928,10
PIE,C25032408-0057.txt,10.849857364987,10.85,37.014774,60.0,146,146.02,146.001164118567,453.0,1778.0,1683.5000000000002,2.5,39.80784324177391,12.238356500569203,45.48183922452154,0.7580306537420257,10
PIE,C25032408-0057.txt,10.849857364987,10.85,37.014774,60.0,148,148.01,147.94956619135198,82.0,348.0,299.5,1.5,15.730510656594761,2.215331640279635,8.091363734923789,0.1348560622487298,10
PIE,C25032408-0058.txt,10.899550385289,10.9,36.664425,60.0,99,99.0,98.99443087259999,24.0,52.0,37.0,1.0,4.162825233426289,0.6545854735209948,1.0091526050115336,0.01681921008352556,10
PIE,C25032408-0058.txt,10.899550385289,10.9,36.664425,60.0,101,101.02,101.000480789232,26.0,99.0,65.5,1.5,5.7781622972251245,0.7091342629810777,1.786472854817715,0.029774547580295248,10
PIE,C25032408-0058.txt,10.899550385289,10.9,36.664425,60.0,127,127.05,127.022820949512,52.0,470.0,363.5,6.5,14.408050141385173,1.4182685259621555,9.914242484370067,0.16523737473950112,10
PIE,C25032408-0058.txt,10.899550385289,10.9,36.664425,60.0,128,128.0,128.018987555847,150.0,270373.0,277622.0,49.0,524.9563254281059,4.091159209506217,7571.972013743567,126.19953356239279,10
PIE,C25032408-0058.txt,10.899550385289,10.9,36.664425,60.0,129,129.0,129.046496976672,911.0,22673.0,22351.250000000004,20.75,146.67124982705832,24.84697359906776,609.616815209839,10.160280253497318,10
PIE,C25032408-0058.txt,10.899550385289,10.9,36.664425,60.0,130,130.0,129.981653971128,269.0,57878.0,57977.75000000001,36.25,237.68510244553937,7.336812182381149,1581.3080390596608,26.35513398432768,10
PIE,C25032408-0058.txt,10.899550385289,10.9,36.664425,60.0,142,142.06,142.042259165928,64.0,5725.0,5609.499999999999,2.5,74.20531856040475,1.7455612627226527,152.9957172381675,2.5499286206361247,10
PIE,C25032408-0058.txt,10.899550385289,10.9,36.664425,60.0,144,144.02,144.036665463552,229.0,6658.0,6532.0,3.0,80.05238597224823,6.245836393179492,178.15634637663075,2.9692724396105126,10
PIE,C25032408-0058.txt,10.899550385289,10.9,36.664425,60.0,146,146.02,146.001164118567,437.0,1801.0,1708.4999999999998,2.5,40.11956386186795,11.918910497028113,46.59830339627581,0.7766383899379302,10
PIE,C25032408-0058.txt,10.899550385289,10.9,36.664425,60.0,148,148.01,147.94956619135198,75.0,366.0,313.2500000000001,1.75,15.928538093367369,2.0455796047531085,8.543704149185487,0.14239506915309144,10
PIE,C25032408-0059.txt,10.949840384719,10.95,36.170676,60.0,99,99.0,98.99443087259999,22.0,76.0,64.0,1.0,6.2162295190864905,0.6082275045122186,1.7693891040355452,0.029489818400592418,10
PIE,C25032408-0059.txt,10.949840384719,10.95,36.170676,60.0,101,101.02,101.000480789232,26.0,107.0,64.0,2.0,5.260767593771433,0.7188143235144403,1.7693891040355452,0.029489818400592418,10
PIE,C25032408-0059.txt,10.949840384719,10.95,36.170676,60.0,127,127.05,127.022820949512,67.0,489.0,341.75,8.249999999999998,13.026730042677432,1.8523292182872115,9.448261348502307,0.15747102247503844,10
PIE,C25032408-0059.txt,10.949840384719,10.95,36.170676,60.0,128,128.0,128.018987555847,155.0,270753.0,277666.00000000006,54.0,524.8012720366454,4.2852392363360865,7676.549921267716,127.94249868779526,10
PIE,C25032408-0059.txt,10.949840384719,10.95,36.170676,60.0,129,129.0,129.046496976672,929.0,22727.0,22383.249999999996,21.75,146.647774225009,25.68378871326596,618.823104107869,10.313718401797816,10
PIE,C25032408-0059.txt,10.949840384719,10.95,36.170676,60.0,130,130.0,129.981653971128,297.0,58261.0,58386.49999999999,33.5,238.77313101987406,8.211071310914953,1614.1943269183023,26.903238781971705,10
PIE,C25032408-0059.txt,10.949840384719,10.95,36.170676,60.0,142,142.06,142.042259165928,63.0,5816.0,5701.75,2.25,74.8918600010341,1.7417423992849899,157.6345988114792,2.6272433135246533,10
PIE,C25032408-0059.txt,10.949840384719,10.95,36.170676,60.0,144,144.02,144.036665463552,235.0,6926.0,6823.75,2.25,82.03987338478692,6.496975616380518,188.65420154160236,3.1442366923600393,10
PIE,C25032408-0059.txt,10.949840384719,10.95,36.170676,60.0,146,146.02,146.001164118567,471.0,1797.0,1729.0,1.0,41.085229066305935,13.02159793751159,47.80115251371028,0.7966858752285046,10
PIE,C25032408-0059.txt,10.949840384719,10.95,36.170676,60.0,148,148.01,147.94956619135198,106.0,395.0,320.0,2.0,15.920595043359826,2.930550703558872,8.846945520177727,0.1474490920029621,10
PIE,C25032408-0060.txt,10.999774224566,11.0,35.097002,60.0,99,99.0,98.99443087259999,18.0,77.0,42.0,2.0,3.7416573867739413,0.5128643181545819,1.196683409027358,0.019944723483789298,10
PIE,C25032408-0060.txt,10.999774224566,11.0,35.097002,60.0,101,101.02,101.000480789232,22.0,98.0,69.75,1.25,6.308408061463577,0.6268341666333779,1.987349232849005,0.033122487214150086,10
PIE,C25032408-0060.txt,10.999774224566,11.0,35.097002,60.0,127,127.05,127.022820949512,62.0,520.0,412.24999999999994,6.75,15.62910312636892,1.7665326514213378,11.74601750884591,0.19576695848076517,10
PIE,C25032408-0060.txt,10.999774224566,11.0,35.097002,60.0,128,128.0,128.018987555847,141.0,278870.0,286356.7500000001,51.25,533.1231652243149,4.017437158877558,8159.0088520951185,135.98348086825197,10
PIE,C25032408-0060.txt,10.999774224566,11.0,35.097002,60.0,129,129.0,129.046496976672,982.0,23276.0,22956.0,22.0,148.5521886874074,27.979597801544415,654.0729604198101,10.901216006996835,10
PIE,C25032408-0060.txt,10.999774224566,11.0,35.097002,60.0,130,130.0,129.981653971128,314.0,61020.0,61135.25,36.75,244.19205467957735,8.946633105585486,1741.893794803328,29.031563246722136,10
PIE,C25032408-0060.txt,10.999774224566,11.0,35.097002,60.0,142,142.06,142.042259165928,72.0,5905.0,5796.75,2.25,75.52328018417376,2.0514572726183276,165.16367979236514,2.752727996539419,10
PIE,C25032408-0060.txt,10.999774224566,11.0,35.097002,60.0,144,144.02,144.036665463552,225.0,6923.0,6803.75,2.25,81.91791359319866,6.410803976932274,193.85558914690205,3.230926485781701,10
PIE,C25032408-0060.txt,10.999774224566,11.0,35.097002,60.0,146,146.02,146.001164118567,493.0,1887.0,1783.0,3.0,40.80828832503096,14.046783825011605,50.80205995942331,0.8467009993237219,10
PIE,C25032408-0060.txt,10.999774224566,11.0,35.097002,60.0,148,148.01,147.94956619135198,116.0,374.0,311.0,2.0,15.648108228768118,3.3051256058850838,8.861155719226387,0.1476859286537731,10
